2026-08-26 01:46:07,606 INFO uk_kb_collector Starting collector; destination=C:\Users\Donny\Desktop\UK-KB-Collector\Knowledge_Base dry_run=True
2026-08-26 01:46:07,607 INFO uk_kb_collector Legal notice: Knowledge-base collector only; not legal advice. Official legal/policy materials may be amended or replaced. Verify the current version on the official source before use.
2026-08-26 01:57:16,530 INFO uk_kb_collector DRY-RUN would store https://assets.publishing.service.gov.uk/media/68c92f0b5e09a4a59af0bf1c/Guidance_-_Transitional_and_Saving_Arrangements_FINAL_v4_pdf_links__.docx.pdf -> C:\Users\Donny\Desktop\UK-KB-Collector\Knowledge_Base\04_NPPS_and_Government_Policy\2024-05-24__UK Government__Guidance_ transitional and saving arrangements (PDF)__v1.pdf
2026-08-26 01:57:18,325 INFO uk_kb_collector DRY-RUN would store https://assets.publishing.service.gov.uk/media/69df7abe61d2e8e9b9e42d5c/2026-04-15_-_Guidance_-_Contracting_Authority_Definition.V1.pdf_links.docx.pdf -> C:\Users\Donny\Desktop\UK-KB-Collector\Knowledge_Base\04_NPPS_and_Government_Policy\2024-05-24__UK Government__Guidance_ Contracting Authority definition (PDF)__v1.pdf
2026-08-26 01:57:19,464 INFO uk_kb_collector DRY-RUN would store https://assets.publishing.service.gov.uk/media/68c942ddde855c02ab517b63/Guidance_-_Covered_Procurement_pdf_links_.docx.pdf -> C:\Users\Donny\Desktop\UK-KB-Collector\Knowledge_Base\04_NPPS_and_Government_Policy\2024-05-24__UK Government__Guidance_ Covered Procurement definition (PDF)__v1.pdf
2026-08-26 01:57:21,500 INFO uk_kb_collector DRY-RUN would store https://assets.publishing.service.gov.uk/media/691c50d784a267da57d70693/10-06-2025_-_Guidance_-_Exempted_Contracts_FINAL.V2._pdf_links_.docx.pdf -> C:\Users\Donny\Desktop\UK-KB-Collector\Knowledge_Base\04_NPPS_and_Government_Policy\2024-05-24__UK Government__Guidance_ Exempted Contracts (PDF)__v1.pdf
2026-08-26 01:57:22,603 INFO uk_kb_collector DRY-RUN would store https://assets.publishing.service.gov.uk/media/685d68a5e44db4975be00aef/Guidance_-_NPPS_pdf_links_.docx.pdf -> C:\Users\Donny\Desktop\UK-KB-Collector\Knowledge_Base\04_NPPS_and_Government_Policy\2024-05-24__UK Government__Guidance_ National Procurement Policy Statement (PDF)__v1.pdf
2026-08-26 01:57:23,559 WARNING pypdf._reader Ignoring wrong pointing object 6 0 (offset 0)
2026-08-26 01:57:23,590 WARNING pypdf._reader Ignoring wrong pointing object 9 0 (offset 0)
2026-08-26 01:57:23,599 WARNING pypdf._reader Ignoring wrong pointing object 11 0 (offset 0)
2026-08-26 01:57:23,670 WARNING pypdf._reader Ignoring wrong pointing object 13 0 (offset 0)
2026-08-26 01:57:23,700 WARNING pypdf._reader Ignoring wrong pointing object 15 0 (offset 0)
2026-08-26 01:57:23,715 WARNING pypdf._reader Ignoring wrong pointing object 22 0 (offset 0)
2026-08-26 01:57:23,755 WARNING pypdf._reader Ignoring wrong pointing object 24 0 (offset 0)
2026-08-26 01:57:23,762 WARNING pypdf._reader Ignoring wrong pointing object 35 0 (offset 0)
2026-08-26 01:57:23,849 WARNING pypdf._reader Ignoring wrong pointing object 55 0 (offset 0)
2026-08-26 01:57:23,910 WARNING pypdf._reader Ignoring wrong pointing object 6 0 (offset 0)
2026-08-26 01:57:23,947 WARNING pypdf._reader Ignoring wrong pointing object 9 0 (offset 0)
2026-08-26 01:57:23,958 WARNING pypdf._reader Ignoring wrong pointing object 11 0 (offset 0)
2026-08-26 01:57:23,968 WARNING pypdf._reader Ignoring wrong pointing object 13 0 (offset 0)
2026-08-26 01:57:23,972 WARNING pypdf._reader Ignoring wrong pointing object 15 0 (offset 0)
2026-08-26 01:57:23,983 WARNING pypdf._reader Ignoring wrong pointing object 22 0 (offset 0)
2026-08-26 01:57:23,991 WARNING pypdf._reader Ignoring wrong pointing object 24 0 (offset 0)
2026-08-26 01:57:23,995 WARNING pypdf._reader Ignoring wrong pointing object 35 0 (offset 0)
2026-08-26 01:57:23,999 WARNING pypdf._reader Ignoring wrong pointing object 55 0 (offset 0)
2026-08-26 01:57:24,482 INFO uk_kb_collector DRY-RUN would store https://assets.publishing.service.gov.uk/media/6823577af58b0afa5e043979/Guidance_-_pipeline_notice_v2_FINAL_pdf_links_.pdf -> C:\Users\Donny\Desktop\UK-KB-Collector\Knowledge_Base\04_NPPS_and_Government_Policy\2024-05-24__UK Government__Guidance_ Pipeline Notice (PDF)__v1.pdf
2026-08-26 01:57:26,243 INFO uk_kb_collector DRY-RUN would store https://assets.publishing.service.gov.uk/media/691c5c1b5a253e2c40d706a8/09-06-2025_-_Guidance_-_Utilities_Contracts_FINAL.V2._pdf_links_.docx.pdf -> C:\Users\Donny\Desktop\UK-KB-Collector\Knowledge_Base\04_NPPS_and_Government_Policy\2024-05-24__UK Government__Guidance - Utilities Contracts (PDF)__v1.pdf
2026-08-26 01:57:27,506 INFO uk_kb_collector DRY-RUN would store https://assets.publishing.service.gov.uk/media/68ca833f1eabc899da7084a4/Guidance_-_defence_and_security_provisions_FINAL_v2_pdf_links_.docx.pdf -> C:\Users\Donny\Desktop\UK-KB-Collector\Knowledge_Base\04_NPPS_and_Government_Policy\2024-05-24__UK Government__Guidance - Defence and Security Contracts (PDF)__v1.pdf
2026-08-26 01:57:29,327 INFO uk_kb_collector DRY-RUN would store https://assets.publishing.service.gov.uk/media/68ca89245e09a4a59af0bfc6/Guidance_-_Concession_Contracts_FINAL_pdf_links_.docx.pdf -> C:\Users\Donny\Desktop\UK-KB-Collector\Knowledge_Base\04_NPPS_and_Government_Policy\2024-05-24__UK Government__Guidance - Concession Contracts (PDF)__v1.pdf
2026-08-26 01:57:30,784 INFO uk_kb_collector DRY-RUN would store https://assets.publishing.service.gov.uk/media/68e79c8d1c8b2a3b506907a4/Guidance_-_Light_Touch_Contracts_FINAL_pdf_links_.docx.pdf -> C:\Users\Donny\Desktop\UK-KB-Collector\Knowledge_Base\04_NPPS_and_Government_Policy\2024-05-24__UK Government__Guidance - Light Touch Contracts (PDF)__v1.pdf
2026-08-26 01:57:32,484 INFO uk_kb_collector DRY-RUN would store https://assets.publishing.service.gov.uk/media/68e79f68187483de54d766b5/Guidance_-_Reserved_contracts_for_Supported_Employment_FINAL.docx_pdf_links_.pdf -> C:\Users\Donny\Desktop\UK-KB-Collector\Knowledge_Base\04_NPPS_and_Government_Policy\2024-05-24__UK Government__Guidance - Reserving Contracts for Supported Employment Providers (PDF)__v1.pdf
2026-08-26 01:57:33,904 INFO uk_kb_collector DRY-RUN would store https://assets.publishing.service.gov.uk/media/68c94421c6df905ce7708420/Guidance_-_Devolved_Contracting_Authority_FINAL_pdf_links_.docx.pdf -> C:\Users\Donny\Desktop\UK-KB-Collector\Knowledge_Base\04_NPPS_and_Government_Policy\2024-05-24__UK Government__Guidance_ Devolved Contracting Authorities (PDF)__v1.pdf
2026-08-26 01:57:36,239 INFO uk_kb_collector DRY-RUN would store https://assets.publishing.service.gov.uk/media/68ca7e2c2fe4b313286c9fad/Guidance_-_Covered_Procurement_Objectives_FINAL.docx_pdf_links_.pdf -> C:\Users\Donny\Desktop\UK-KB-Collector\Knowledge_Base\04_NPPS_and_Government_Policy\2024-05-24__UK Government__Guidance_ Covered Procurement Objectives (PDF)__v1.pdf
2026-08-26 01:57:37,885 INFO uk_kb_collector DRY-RUN would store https://assets.publishing.service.gov.uk/media/68e7a089cf65bd04bad766c5/Guidance_-_Valuation_of_Contracts_v2_FINAL_pdf_links_.docx.pdf -> C:\Users\Donny\Desktop\UK-KB-Collector\Knowledge_Base\04_NPPS_and_Government_Policy\2024-05-24__UK Government__Guidance_ Valuation of Contracts (PDF)__v1.pdf
2026-08-26 01:57:39,316 INFO uk_kb_collector DRY-RUN would store https://assets.publishing.service.gov.uk/media/6a549fdc1228eb26a4cab7e8/2025-10-09_-_PA23_Guidance_-_Thresholds.FINAL.Ver2.pdf_links.pdf -> C:\Users\Donny\Desktop\UK-KB-Collector\Knowledge_Base\04_NPPS_and_Government_Policy\2024-05-24__UK Government__Guidance_ Thresholds (PDF)__v1.pdf
2026-08-26 01:57:40,900 INFO uk_kb_collector DRY-RUN would store https://assets.publishing.service.gov.uk/media/68e8bfb9e5f463a62cb98622/Guidance_-_Mixed_Procurement__8__pdf_links_.docx.pdf -> C:\Users\Donny\Desktop\UK-KB-Collector\Knowledge_Base\04_NPPS_and_Government_Policy\2024-05-24__UK Government__Guidance_ Mixed Procurement (PDF)__v1.pdf
2026-08-26 01:57:42,812 INFO uk_kb_collector DRY-RUN would store https://assets.publishing.service.gov.uk/media/6903769520da736e6591314b/Guidance_-_Planned_Procurement_Notice_pdf_links_.docx.pdf -> C:\Users\Donny\Desktop\UK-KB-Collector\Knowledge_Base\04_NPPS_and_Government_Policy\2024-05-24__UK Government__Guidance_ Planned Procurement Notice (PDF)__v1.pdf
2026-08-26 01:57:44,178 INFO uk_kb_collector DRY-RUN would store https://assets.publishing.service.gov.uk/media/6888da89048fff613a4d5b02/Guidance_-_Preliminary_Market_Engagement_pdf_links_.docx.pdf -> C:\Users\Donny\Desktop\UK-KB-Collector\Knowledge_Base\04_NPPS_and_Government_Policy\2024-05-24__UK Government__Guidance_ Preliminary Market Engagement (PDF)__v1.pdf
2026-08-26 01:57:45,401 INFO uk_kb_collector DRY-RUN would store https://assets.publishing.service.gov.uk/media/69037ebcfabc9f10a832a884/Guidance_-_Technical_Specifications_pdf_links_.docx.pdf -> C:\Users\Donny\Desktop\UK-KB-Collector\Knowledge_Base\04_NPPS_and_Government_Policy\2024-05-24__UK Government__Guidance_ Technical Specifications (PDF)__v1.pdf
2026-08-26 01:57:47,310 INFO uk_kb_collector DRY-RUN would store https://assets.publishing.service.gov.uk/media/691c7388e39a085bda43eef0/05-11-2025_-_Guidance_-_Direct_Award_FINAL.V1._pdf_links_.docx.pdf -> C:\Users\Donny\Desktop\UK-KB-Collector\Knowledge_Base\04_NPPS_and_Government_Policy\2024-05-24__UK Government__Guidance_ Direct Award (PDF)__v1.pdf
2026-08-26 01:57:48,902 INFO uk_kb_collector DRY-RUN would store https://assets.publishing.service.gov.uk/media/690b439214b040dfe8292311/Guidance_-_Competitive_Tendering_Procedures_FINAL_pdf_links_.docx.pdf -> C:\Users\Donny\Desktop\UK-KB-Collector\Knowledge_Base\04_NPPS_and_Government_Policy\2024-05-24__UK Government__Guidance_ Competitive Tendering Procedures (PDF)__v1.pdf
2026-08-26 01:57:50,175 INFO uk_kb_collector DRY-RUN would store https://assets.publishing.service.gov.uk/media/69aeb1946827004e30b8a52a/2026-03-04_-_Guidance_-_Below_Threshold_FINAL_pdf_links_.docx.pdf -> C:\Users\Donny\Desktop\UK-KB-Collector\Knowledge_Base\04_NPPS_and_Government_Policy\2024-05-24__UK Government__Guidance_ Below-Threshold Contracts (PDF)__v1.pdf
2026-08-26 01:57:50,858 WARNING pypdf._reader Ignoring wrong pointing object 6 0 (offset 0)
2026-08-26 01:57:50,865 WARNING pypdf._reader Ignoring wrong pointing object 9 0 (offset 0)
2026-08-26 01:57:50,923 WARNING pypdf._reader Ignoring wrong pointing object 11 0 (offset 0)
2026-08-26 01:57:50,931 WARNING pypdf._reader Ignoring wrong pointing object 13 0 (offset 0)
2026-08-26 01:57:50,931 WARNING pypdf._reader Ignoring wrong pointing object 15 0 (offset 0)
2026-08-26 01:57:50,933 WARNING pypdf._reader Ignoring wrong pointing object 22 0 (offset 0)
2026-08-26 01:57:50,961 WARNING pypdf._reader Ignoring wrong pointing object 24 0 (offset 0)
2026-08-26 01:57:50,962 WARNING pypdf._reader Ignoring wrong pointing object 58 0 (offset 0)
2026-08-26 01:57:50,962 WARNING pypdf._reader Ignoring wrong pointing object 60 0 (offset 0)
2026-08-26 01:57:50,962 WARNING pypdf._reader Ignoring wrong pointing object 62 0 (offset 0)
2026-08-26 01:57:50,963 WARNING pypdf._reader Ignoring wrong pointing object 83 0 (offset 0)
2026-08-26 01:57:50,965 WARNING pypdf._reader Ignoring wrong pointing object 6 0 (offset 0)
2026-08-26 01:57:50,966 WARNING pypdf._reader Ignoring wrong pointing object 9 0 (offset 0)
2026-08-26 01:57:50,966 WARNING pypdf._reader Ignoring wrong pointing object 11 0 (offset 0)
2026-08-26 01:57:50,968 WARNING pypdf._reader Ignoring wrong pointing object 13 0 (offset 0)
2026-08-26 01:57:50,970 WARNING pypdf._reader Ignoring wrong pointing object 15 0 (offset 0)
2026-08-26 01:57:50,972 WARNING pypdf._reader Ignoring wrong pointing object 22 0 (offset 0)
2026-08-26 01:57:50,976 WARNING pypdf._reader Ignoring wrong pointing object 24 0 (offset 0)
2026-08-26 01:57:50,977 WARNING pypdf._reader Ignoring wrong pointing object 58 0 (offset 0)
2026-08-26 01:57:50,978 WARNING pypdf._reader Ignoring wrong pointing object 60 0 (offset 0)
2026-08-26 01:57:50,978 WARNING pypdf._reader Ignoring wrong pointing object 62 0 (offset 0)
2026-08-26 01:57:50,979 WARNING pypdf._reader Ignoring wrong pointing object 83 0 (offset 0)
2026-08-26 01:57:51,296 INFO uk_kb_collector DRY-RUN would store https://assets.publishing.service.gov.uk/media/674ee2618b522bba9d991a84/Guidance_-_Frameworks_FINAL_v2.pdf -> C:\Users\Donny\Desktop\UK-KB-Collector\Knowledge_Base\04_NPPS_and_Government_Policy\2024-05-24__UK Government__Guidance_ Frameworks (PDF)__v1.pdf
2026-08-26 01:57:54,220 INFO uk_kb_collector DRY-RUN would store https://assets.publishing.service.gov.uk/media/69f9ce76f3cc3464824ecaee/2026-05-05_Guidance_-_Dynamic_markets_FINAL.v2.pdf_links.docx.pdf -> C:\Users\Donny\Desktop\UK-KB-Collector\Knowledge_Base\04_NPPS_and_Government_Policy\2024-05-24__UK Government__Guidance_ Dynamic Markets (PDF)__v1.pdf
2026-08-26 01:57:55,570 INFO uk_kb_collector DRY-RUN would store https://assets.publishing.service.gov.uk/media/690b5d8688a98da87e292324/Guidance_-_Lots_FINAL_pdf_links_.docx.pdf -> C:\Users\Donny\Desktop\UK-KB-Collector\Knowledge_Base\04_NPPS_and_Government_Policy\2024-05-24__UK Government__Guidance_ Lots (PDF)__v1.pdf
2026-08-26 01:57:57,079 INFO uk_kb_collector DRY-RUN would store https://assets.publishing.service.gov.uk/media/6903873de2ebc0fb39a52032/Guidance_-_Treaty_State_Suppliers_FINAL_pdf_links_.docx.pdf -> C:\Users\Donny\Desktop\UK-KB-Collector\Knowledge_Base\04_NPPS_and_Government_Policy\2024-05-24__UK Government__Guidance_ Treaty State Suppliers (PDF)__v1.pdf
2026-08-26 01:57:58,461 INFO uk_kb_collector DRY-RUN would store https://assets.publishing.service.gov.uk/media/690b5e7014b040dfe829232b/Guidance_-_Conflicts_of_Interest_FINAL_pdf_links_.docx.pdf -> C:\Users\Donny\Desktop\UK-KB-Collector\Knowledge_Base\04_NPPS_and_Government_Policy\2024-05-24__UK Government__Guidance_ Conflicts of Interest (PDF)__v1.pdf
2026-08-26 01:57:59,980 INFO uk_kb_collector DRY-RUN would store https://assets.publishing.service.gov.uk/media/690cb89d68fffdd77951ab2a/Guidance_-_Modifying_a_Competitive_Procurement_FINAL_pdf_links_.docx.pdf -> C:\Users\Donny\Desktop\UK-KB-Collector\Knowledge_Base\02_Statutory_Guidance\2024-07-02__UK Government__Guidance_ Modifying a Competitive Procurement (PDF)__v1.pdf
2026-08-26 01:58:01,365 INFO uk_kb_collector DRY-RUN would store https://assets.publishing.service.gov.uk/media/691f1809c62d57eb3a710820/Guidance_-_Time_Periods_FINALv2_pdf_links_.docx.pdf -> C:\Users\Donny\Desktop\UK-KB-Collector\Knowledge_Base\02_Statutory_Guidance\2024-07-02__UK Government__Guidance_ Time Periods (PDF)__v1.pdf
2026-08-26 01:58:03,178 INFO uk_kb_collector DRY-RUN would store https://assets.publishing.service.gov.uk/media/690cb65edad669f061d46b5a/Guidance_-_Assessing_Competitive_Tenders_FINAL_pdf_links_.docx.pdf -> C:\Users\Donny\Desktop\UK-KB-Collector\Knowledge_Base\02_Statutory_Guidance\2024-07-02__UK Government__Guidance_ Assessing Competitive Tenders (PDF)__v1.pdf
2026-08-26 01:58:05,097 INFO uk_kb_collector DRY-RUN would store https://assets.publishing.service.gov.uk/media/69e649833e3b4e9340cc92f7/2026-04-20_-_Guidance_-_Conditions_of_Participation_FINAL_pdf_links_.docx.pdf -> C:\Users\Donny\Desktop\UK-KB-Collector\Knowledge_Base\02_Statutory_Guidance\2024-07-02__UK Government__Guidance_ Conditions of Participation (PDF)__v1.pdf
2026-08-26 01:58:06,047 INFO uk_kb_collector DRY-RUN would store https://assets.publishing.service.gov.uk/media/690cb965d4c5f31272d3e6c2/Guidance_-_Procurement_Termination_Notices_FINAL_pdf_links_.docx.pdf -> C:\Users\Donny\Desktop\UK-KB-Collector\Knowledge_Base\02_Statutory_Guidance\2024-07-02__UK Government__Guidance_ Procurement Termination Notices (PDF)__v1.pdf
2026-08-26 01:58:07,013 WARNING pypdf._reader Ignoring wrong pointing object 6 0 (offset 0)
2026-08-26 01:58:07,014 WARNING pypdf._reader Ignoring wrong pointing object 8 0 (offset 0)
2026-08-26 01:58:07,014 WARNING pypdf._reader Ignoring wrong pointing object 11 0 (offset 0)
2026-08-26 01:58:07,015 WARNING pypdf._reader Ignoring wrong pointing object 13 0 (offset 0)
2026-08-26 01:58:07,015 WARNING pypdf._reader Ignoring wrong pointing object 15 0 (offset 0)
2026-08-26 01:58:07,015 WARNING pypdf._reader Ignoring wrong pointing object 17 0 (offset 0)
2026-08-26 01:58:07,015 WARNING pypdf._reader Ignoring wrong pointing object 24 0 (offset 0)
2026-08-26 01:58:07,016 WARNING pypdf._reader Ignoring wrong pointing object 26 0 (offset 0)
2026-08-26 01:58:07,016 WARNING pypdf._reader Ignoring wrong pointing object 37 0 (offset 0)
2026-08-26 01:58:07,016 WARNING pypdf._reader Ignoring wrong pointing object 109 0 (offset 0)
2026-08-26 01:58:07,017 WARNING pypdf._reader Ignoring wrong pointing object 165 0 (offset 0)
2026-08-26 01:58:07,019 WARNING pypdf._reader Ignoring wrong pointing object 6 0 (offset 0)
2026-08-26 01:58:07,019 WARNING pypdf._reader Ignoring wrong pointing object 8 0 (offset 0)
2026-08-26 01:58:07,020 WARNING pypdf._reader Ignoring wrong pointing object 11 0 (offset 0)
2026-08-26 01:58:07,025 WARNING pypdf._reader Ignoring wrong pointing object 13 0 (offset 0)
2026-08-26 01:58:07,026 WARNING pypdf._reader Ignoring wrong pointing object 15 0 (offset 0)
2026-08-26 01:58:07,026 WARNING pypdf._reader Ignoring wrong pointing object 17 0 (offset 0)
2026-08-26 01:58:07,026 WARNING pypdf._reader Ignoring wrong pointing object 24 0 (offset 0)
2026-08-26 01:58:07,027 WARNING pypdf._reader Ignoring wrong pointing object 26 0 (offset 0)
2026-08-26 01:58:07,027 WARNING pypdf._reader Ignoring wrong pointing object 37 0 (offset 0)
2026-08-26 01:58:07,028 WARNING pypdf._reader Ignoring wrong pointing object 109 0 (offset 0)
2026-08-26 01:58:07,029 WARNING pypdf._reader Ignoring wrong pointing object 165 0 (offset 0)
2026-08-26 01:58:07,329 INFO uk_kb_collector DRY-RUN would store https://assets.publishing.service.gov.uk/media/66bf4353dcb0757928e5bd23/Guidance_-_Exclusions_FINAL_v.2.pdf -> C:\Users\Donny\Desktop\UK-KB-Collector\Knowledge_Base\02_Statutory_Guidance\2024-07-02__UK Government__Guidance_ Exclusions (PDF)__v1.pdf
2026-08-26 01:58:09,159 INFO uk_kb_collector DRY-RUN would store https://assets.publishing.service.gov.uk/media/6a749f875a472b60f4ea6d04/2026-08-06_-_PA23_Guidance_-_Debarment.V2.PDF_links.pdf -> C:\Users\Donny\Desktop\UK-KB-Collector\Knowledge_Base\02_Statutory_Guidance\2024-07-02__Cabinet Office__Guidance_ Debarment (PDF)__v1.pdf
2026-08-26 01:58:10,945 INFO uk_kb_collector DRY-RUN would store https://assets.publishing.service.gov.uk/media/691f3005c62d57eb3a710837/Guidance_-_Remedies_v2_FINAL_pdf_links_.docx.pdf -> C:\Users\Donny\Desktop\UK-KB-Collector\Knowledge_Base\02_Statutory_Guidance\2024-07-02__UK Government__Guidance_ Remedies (PDF)__v1.pdf
2026-08-26 01:58:13,096 INFO uk_kb_collector DRY-RUN would store https://assets.publishing.service.gov.uk/media/6915d993bc34c86ce4e6e759/Guidance_-_Assessment_Summaries_FINAL_pdf_links_.docx.pdf -> C:\Users\Donny\Desktop\UK-KB-Collector\Knowledge_Base\02_Statutory_Guidance\2024-07-02__UK Government__Guidance_ Assessment Summaries (PDF)__v1.pdf
2026-08-26 01:58:14,596 INFO uk_kb_collector DRY-RUN would store https://assets.publishing.service.gov.uk/media/6915ddb8493305b49ce6e76b/Guidance_-_Contract_Award_Notices_and_Standstill_pdf_links_.docx.pdf -> C:\Users\Donny\Desktop\UK-KB-Collector\Knowledge_Base\02_Statutory_Guidance\2024-07-02__UK Government__Guidance_ Contract Award Notices and Standstill (PDF)__v1.pdf
2026-08-26 01:58:16,011 INFO uk_kb_collector DRY-RUN would store https://assets.publishing.service.gov.uk/media/6a831ff592ec93e1e0329aae/2026-08-17_-_PA23_Guidance_-_Procurement_Oversight_FINAL.V2.PDF.links.pdf -> C:\Users\Donny\Desktop\UK-KB-Collector\Knowledge_Base\02_Statutory_Guidance\2024-07-02__Cabinet Office__Guidance_ Procurement Oversight (PDF)__v1.pdf
2026-08-26 01:58:17,811 INFO uk_kb_collector DRY-RUN would store https://assets.publishing.service.gov.uk/media/6915e06fdb01ecfcf96fc92d/Guidance_on_Contract_Details_Notices_FINAL_pdf_links_.docx.pdf -> C:\Users\Donny\Desktop\UK-KB-Collector\Knowledge_Base\02_Statutory_Guidance\2024-07-02__UK Government__Guidance_ Contract Details Notices (PDF)__v1.pdf
2026-08-26 01:58:18,893 INFO uk_kb_collector DRY-RUN would store https://assets.publishing.service.gov.uk/media/690cb7df276dd02bc451ab3f/_Guidance_-_Electronic_Communications_FINAL_pdf_links_.docx.pdf -> C:\Users\Donny\Desktop\UK-KB-Collector\Knowledge_Base\02_Statutory_Guidance\2024-07-02__UK Government__Guidance_ Electronic Communications (PDF)__v1.pdf
2026-08-26 01:58:22,251 INFO uk_kb_collector DRY-RUN would store https://assets.publishing.service.gov.uk/media/6a2818f8f553ec11122217f8/2026-05-05_-_Guidance_-_Central_Digital_Platform_and_Publication_of_Information_FINAL.V2._pdf_links_.pdf -> C:\Users\Donny\Desktop\UK-KB-Collector\Knowledge_Base\02_Statutory_Guidance\2024-07-02__UK Government__Guidance_ Central Digital Platform and Publication of Information (PDF)__v1.pdf
2026-08-26 01:58:24,045 INFO uk_kb_collector DRY-RUN would store https://assets.publishing.service.gov.uk/media/6a3a8e6beaee00074150f27e/Guidance_-_Exclusions_Annex_2_National_Security_Grounds_FINAL_.pdf -> C:\Users\Donny\Desktop\UK-KB-Collector\Knowledge_Base\02_Statutory_Guidance\2024-07-02__Cabinet Office__Guidance_ Exclusions Annex 2_ National Security Grounds (PDF)__v1.pdf
2026-08-26 01:58:25,252 INFO uk_kb_collector DRY-RUN would store https://assets.publishing.service.gov.uk/media/69dfae476c6ccf244be42ddb/2026-04-15_-_Guidance_-_Contract_Terminations_FINAL_pdf_links_.docx.pdf -> C:\Users\Donny\Desktop\UK-KB-Collector\Knowledge_Base\02_Statutory_Guidance\2024-08-02__UK Government__Guidance_ Contract Termination (PDF)__v1.pdf
2026-08-26 01:58:27,643 INFO uk_kb_collector DRY-RUN would store https://assets.publishing.service.gov.uk/media/69e6437e3e3b4e9340cc92f3/2026-04-20_-_Guidance_-_KPIs_FINAL_pdf_links_.docx.pdf -> C:\Users\Donny\Desktop\UK-KB-Collector\Knowledge_Base\02_Statutory_Guidance\2024-08-02__UK Government__Guidance_ Key Performance Indicators (PDF)__v1.pdf
2026-08-26 01:58:28,844 INFO uk_kb_collector DRY-RUN would store https://assets.publishing.service.gov.uk/media/685d6178e44db4975be00ae3/Guidance_-_Contract_Performance_Notices_FINAL_pdf_links__.docx.pdf -> C:\Users\Donny\Desktop\UK-KB-Collector\Knowledge_Base\02_Statutory_Guidance\2024-08-02__UK Government__Guidance_ Contract Performance Notices (PDF)__v1.pdf
2026-08-26 01:58:30,514 INFO uk_kb_collector DRY-RUN would store https://assets.publishing.service.gov.uk/media/685415e516eefd7361e989d2/Guidance_-_Contract_Modifications_FINAL_pdf_links_.docx.pdf -> C:\Users\Donny\Desktop\UK-KB-Collector\Knowledge_Base\04_NPPS_and_Government_Policy\undated__UK Government__Guidance_ Contract Modifications (PDF, 548KB)__v1.pdf
2026-08-26 01:58:32,079 INFO uk_kb_collector DRY-RUN would store https://assets.publishing.service.gov.uk/media/69dfa51d6c6ccf244be42dcd/Guidance_-_Electronic_Invoicing_and_Payment_FINAL_pdf_links_.docx.pdf -> C:\Users\Donny\Desktop\UK-KB-Collector\Knowledge_Base\02_Statutory_Guidance\2024-08-02__UK Government__Guidance_ Electronic Invoicing and Payment (PDF)__v1.pdf
2026-08-26 01:58:34,062 INFO uk_kb_collector DRY-RUN would store https://assets.publishing.service.gov.uk/media/691f14b62b1627c20b71080c/2025-11-13_GUIDANCE_Payments_Compliance_Notices_FINAL.V2._pdf_links_.docx.pdf -> C:\Users\Donny\Desktop\UK-KB-Collector\Knowledge_Base\02_Statutory_Guidance\2024-08-02__UK Government__Guidance_ Payments Compliance Notices (PDF)__v1.pdf
2026-08-26 01:58:34,668 INFO uk_kb_collector DRY-RUN would store https://assets.publishing.service.gov.uk/media/6a5e29ef24d44672cf1b4608/2026-07-20_PA23_Guidance_-_Contract_Payment_Information.PDF_links.V3.pdf -> C:\Users\Donny\Desktop\UK-KB-Collector\Knowledge_Base\02_Statutory_Guidance\2024-08-02__UK Government__Guidance - Contract Payment Information (PDF)__v1.pdf
2026-08-26 01:58:38,029 INFO uk_kb_collector DRY-RUN would store https://assets.publishing.service.gov.uk/media/623d99f5e90e075f14254676/Green_Book_2022.pdf -> C:\Users\Donny\Desktop\UK-KB-Collector\Knowledge_Base\04_NPPS_and_Government_Policy\undated__UK Government__Green Book definitions of Business Case stages (PDF, 1,320KB)__v1.pdf
2026-08-26 01:58:38,882 WARNING pypdf._reader Ignoring wrong pointing object 10 0 (offset 0)
2026-08-26 01:58:38,900 WARNING pypdf._reader Ignoring wrong pointing object 19 0 (offset 0)
2026-08-26 01:58:38,953 WARNING pypdf._reader Ignoring wrong pointing object 10 0 (offset 0)
2026-08-26 01:58:38,980 WARNING pypdf._reader Ignoring wrong pointing object 19 0 (offset 0)
2026-08-26 01:58:39,715 INFO uk_kb_collector DRY-RUN would store https://assets.publishing.service.gov.uk/media/60a387e48fa8f56a3e32fa9a/Bid_evaluation_guidance_note_May_2021.pdf -> C:\Users\Donny\Desktop\UK-KB-Collector\Knowledge_Base\02_Statutory_Guidance\undated__Cabinet Office__GCF bid evaluation guidance note (PDF, 2.1 MB)__v1.pdf
2026-08-26 01:58:40,582 INFO uk_kb_collector DRY-RUN would store https://assets.publishing.service.gov.uk/media/5fc8b7ede90e0762a0d71365/Social-Value-Model-Edn-1.1-3-Dec-20.pdf -> C:\Users\Donny\Desktop\UK-KB-Collector\Knowledge_Base\02_Statutory_Guidance\undated__UK Government__The Social Value Model (PDF, 397 KB)__v1.pdf
2026-08-26 01:58:42,268 INFO uk_kb_collector DRY-RUN would store https://assets.publishing.service.gov.uk/media/60a3879f8fa8f56a32f91cfd/Should_Cost_Modelling_guidance_note_May_2021.pdf -> C:\Users\Donny\Desktop\UK-KB-Collector\Knowledge_Base\02_Statutory_Guidance\undated__Cabinet Office__Should Cost Modelling guidance note (PDF, 439 KB)__v1.pdf
2026-08-26 01:58:43,227 INFO uk_kb_collector DRY-RUN would store https://assets.publishing.service.gov.uk/media/67af55e96e6c8d18118ace31/PPN_005_Reserving_below_threshold.pdf -> C:\Users\Donny\Desktop\UK-KB-Collector\Knowledge_Base\03_Procurement_Policy_Notes\2025-02-17__UK Government__PPN 005_ Reserving below threshold (PDF)__v1.pdf
2026-08-26 01:58:45,085 INFO uk_kb_collector DRY-RUN would store https://assets.publishing.service.gov.uk/media/69c67905cdfd19de13d0f79c/2026-03-26_Govs008_Functional_standard_2026_-_RESET_Revisions_v5.1__FINAL_.pdf -> C:\Users\Donny\Desktop\UK-KB-Collector\Knowledge_Base\02_Statutory_Guidance\2016-02-04__UK Government__Government Functional Standard - GovS 008_ Commercial (PDF)__v1.pdf
2026-08-26 01:58:46,439 INFO uk_kb_collector DRY-RUN would store https://assets.publishing.service.gov.uk/media/631f542fe90e077db3e675b2/CCIAF_28322__5_.pdf -> C:\Users\Donny\Desktop\UK-KB-Collector\Knowledge_Base\02_Statutory_Guidance\2016-02-04__Cabinet Office__Commercial Continuous Improvement Assessment Framework__v1.pdf
2026-08-26 01:58:49,029 INFO uk_kb_collector DRY-RUN would store https://assets.publishing.service.gov.uk/media/681b6760e26cd2f713d87029/052025_Commercial_Pipeline_Guidance_v8.pdf -> C:\Users\Donny\Desktop\UK-KB-Collector\Knowledge_Base\02_Statutory_Guidance\2016-02-04__UK Government__Commercial Pipeline Guidance V8 (PDF)__v1.pdf
2026-08-26 01:58:49,906 INFO uk_kb_collector DRY-RUN would store https://assets.publishing.service.gov.uk/media/651c2c1f6a6955001278b24d/Commercial-Continuous-Improvement-Assessment-Framework-Onboarding-Guidance-V2.3.pdf -> C:\Users\Donny\Desktop\UK-KB-Collector\Knowledge_Base\02_Statutory_Guidance\2016-02-04__UK Government__Commercial Continuous Improvement Assessment Framework Onboarding Guidance V2.3 (PDF)__v1.pdf
2026-08-26 01:58:50,948 INFO uk_kb_collector DRY-RUN would store https://assets.publishing.service.gov.uk/media/651a9d3e7c2c4a001395e324/Commercial-Continuous-Improvement-Assessment-Framework-CCIAF-Peer-Review-Guidance-v2.2.pptx.pdf -> C:\Users\Donny\Desktop\UK-KB-Collector\Knowledge_Base\02_Statutory_Guidance\2016-02-04__Cabinet Office__Commercial Continuous Improvement Assessment Framework (CCIAF) - Peer Review Guidance v2.2 (PDF)__v1.pdf
2026-08-26 01:58:53,011 INFO uk_kb_collector DRY-RUN would store https://assets.publishing.service.gov.uk/media/613a195bd3bf7f05b694d647/GovS_007-_Security.pdf -> C:\Users\Donny\Desktop\UK-KB-Collector\Knowledge_Base\02_Statutory_Guidance\undated__UK Government__Government Functional Standard 007 (PDF, 308KB)__v1.pdf
2026-08-26 01:58:54,711 INFO uk_kb_collector DRY-RUN would store https://assets.publishing.service.gov.uk/media/66aa32810808eaf43b50db05/Guidance_-_Contract_Terminations_FINAL.pdf -> C:\Users\Donny\Desktop\UK-KB-Collector\Knowledge_Base\02_Statutory_Guidance\undated__UK Government__contract termination notice (PDF, 468KB)__v1.pdf
2026-08-26 01:58:55,685 INFO uk_kb_collector DRY-RUN would store https://assets.publishing.service.gov.uk/media/60a3bca7d3bf7f28907c2d99/PPN_04_21-_Applying_Exclusions_in_Public_Procurement__Managing_Conflicts_of_Interest_and_Whistleblowing.pdf -> C:\Users\Donny\Desktop\UK-KB-Collector\Knowledge_Base\02_Statutory_Guidance\2021-05-20__UK Government__PPN 04_21_ Applying Exclusions in Public Procurement, Managing Conflicts of Interest and Whistleblowing__v1.pdf
2026-08-26 01:58:57,846 INFO uk_kb_collector DRY-RUN would store https://assets.publishing.service.gov.uk/media/6139d837e90e070434bbbfc0/20210909-PPN-04_21-A-Guide-for-Commercial-and-Procurement-Professionals-Updated-version.pdf -> C:\Users\Donny\Desktop\UK-KB-Collector\Knowledge_Base\02_Statutory_Guidance\2021-05-20__UK Government__A Guide for Commercial and Procurement Professionals__v1.pdf
2026-08-26 01:58:58,918 INFO uk_kb_collector DRY-RUN would store https://assets.publishing.service.gov.uk/media/60a3bccbe90e07357045b17e/Frequently_Asked_Questions.pdf -> C:\Users\Donny\Desktop\UK-KB-Collector\Knowledge_Base\02_Statutory_Guidance\2021-05-20__Cabinet Office__Frequently Asked Questions__v1.pdf
2026-08-26 01:59:00,058 INFO uk_kb_collector DRY-RUN would store https://assets.publishing.service.gov.uk/media/67ae095f2c594609b38acd89/2025-02-12_PPN_001_SME_and_VCSE_procurement_spend_targets.pdf -> C:\Users\Donny\Desktop\UK-KB-Collector\Knowledge_Base\03_Procurement_Policy_Notes\2025-02-13__Cabinet Office__Procurement Policy Note 001 - SME and VCSE procurement spend targets (PDF)__v1.pdf
2026-08-26 01:59:01,768 INFO uk_kb_collector DRY-RUN would store https://assets.publishing.service.gov.uk/media/67acb850e400ae62338324e7/2025-02-12_PPN_001_SME_and_VCSE_procurement_spend_targets_Guidance_.pdf -> C:\Users\Donny\Desktop\UK-KB-Collector\Knowledge_Base\03_Procurement_Policy_Notes\2025-02-13__Cabinet Office__Procurement Policy Note 001 - Guidance on how to set SME spend targets and annual publication of results (PDF)__v1.pdf
2026-08-26 01:59:03,156 INFO uk_kb_collector DRY-RUN would store https://assets.publishing.service.gov.uk/media/67b4bf7b3e77ca8b737d385b/2025-02-08_PPN_002_Taking_account_of_social_value_in__the_award_of_central_government_contracts.docx__1.pdf -> C:\Users\Donny\Desktop\UK-KB-Collector\Knowledge_Base\03_Procurement_Policy_Notes\2025-02-13__Cabinet Office__PPN 002_ Taking account of social value in the award of central government contracts (PDF)__v1.pdf
2026-08-26 01:59:04,888 INFO uk_kb_collector DRY-RUN would store https://assets.publishing.service.gov.uk/media/67ae1529e270ceae39f9e1a0/2025-02-11_PPN_002_The_social_value_model.docx.pdf -> C:\Users\Donny\Desktop\UK-KB-Collector\Knowledge_Base\03_Procurement_Policy_Notes\2025-02-13__UK Government__Procurement Policy Note 002_ The Social Value Model (PDF)__v1.pdf
2026-08-26 01:59:06,973 INFO uk_kb_collector DRY-RUN would store https://assets.publishing.service.gov.uk/media/67c8206b2ecc810ad1fc656b/2025-02-08_PPN_002_Guide_to_using_the_social_value_model.docx__3_.pdf -> C:\Users\Donny\Desktop\UK-KB-Collector\Knowledge_Base\03_Procurement_Policy_Notes\2025-02-13__UK Government__PPN 002 Guide to using the social value model (PDF)__v1.pdf
2026-08-26 01:59:07,535 INFO uk_kb_collector DRY-RUN would store https://assets.publishing.service.gov.uk/media/67b460a14e79a175a4c2fdd7/PPN_003_The_Public_Services__Social_Value__Act_2012.pdf -> C:\Users\Donny\Desktop\UK-KB-Collector\Knowledge_Base\03_Procurement_Policy_Notes\2025-02-17__UK Government__PPN 003_ The Public Services (Social Value) Act 2012 (PDF)__v1.pdf
2026-08-26 01:59:09,169 INFO uk_kb_collector DRY-RUN would store https://assets.publishing.service.gov.uk/media/67b32ca04a80c6718b55be21/PPN_004_Open_Book_Contract_Management.pdf -> C:\Users\Donny\Desktop\UK-KB-Collector\Knowledge_Base\03_Procurement_Policy_Notes\2025-02-17__Cabinet Office__PPN 004_ Open Book Contract Management (PDF)__v1.pdf
2026-08-26 01:59:12,028 WARNING pypdf._reader Ignoring wrong pointing object 8 0 (offset 0)
2026-08-26 01:59:12,029 WARNING pypdf._reader Ignoring wrong pointing object 10 0 (offset 0)
2026-08-26 01:59:12,030 WARNING pypdf._reader Ignoring wrong pointing object 43 0 (offset 0)
2026-08-26 01:59:12,031 WARNING pypdf._reader Ignoring wrong pointing object 47 0 (offset 0)
2026-08-26 01:59:12,031 WARNING pypdf._reader Ignoring wrong pointing object 78 0 (offset 0)
2026-08-26 01:59:12,032 WARNING pypdf._reader Ignoring wrong pointing object 124 0 (offset 0)
2026-08-26 01:59:12,032 WARNING pypdf._reader Ignoring wrong pointing object 151 0 (offset 0)
2026-08-26 01:59:12,033 WARNING pypdf._reader Ignoring wrong pointing object 286 0 (offset 0)
2026-08-26 01:59:12,035 WARNING pypdf._reader Ignoring wrong pointing object 429 0 (offset 0)
2026-08-26 01:59:12,037 WARNING pypdf._reader Ignoring wrong pointing object 476 0 (offset 0)
2026-08-26 01:59:12,040 WARNING pypdf._reader Ignoring wrong pointing object 483 0 (offset 0)
2026-08-26 01:59:12,041 WARNING pypdf._reader Ignoring wrong pointing object 485 0 (offset 0)
2026-08-26 01:59:12,042 WARNING pypdf._reader Ignoring wrong pointing object 491 0 (offset 0)
2026-08-26 01:59:12,042 WARNING pypdf._reader Ignoring wrong pointing object 497 0 (offset 0)
2026-08-26 01:59:12,042 WARNING pypdf._reader Ignoring wrong pointing object 499 0 (offset 0)
2026-08-26 01:59:12,042 WARNING pypdf._reader Ignoring wrong pointing object 501 0 (offset 0)
2026-08-26 01:59:12,043 WARNING pypdf._reader Ignoring wrong pointing object 503 0 (offset 0)
2026-08-26 01:59:12,043 WARNING pypdf._reader Ignoring wrong pointing object 505 0 (offset 0)
2026-08-26 01:59:12,044 WARNING pypdf._reader Ignoring wrong pointing object 507 0 (offset 0)
2026-08-26 01:59:12,044 WARNING pypdf._reader Ignoring wrong pointing object 509 0 (offset 0)
2026-08-26 01:59:12,044 WARNING pypdf._reader Ignoring wrong pointing object 511 0 (offset 0)
2026-08-26 01:59:12,044 WARNING pypdf._reader Ignoring wrong pointing object 514 0 (offset 0)
2026-08-26 01:59:12,045 WARNING pypdf._reader Ignoring wrong pointing object 516 0 (offset 0)
2026-08-26 01:59:12,045 WARNING pypdf._reader Ignoring wrong pointing object 523 0 (offset 0)
2026-08-26 01:59:12,045 WARNING pypdf._reader Ignoring wrong pointing object 525 0 (offset 0)
2026-08-26 01:59:12,046 WARNING pypdf._reader Ignoring wrong pointing object 533 0 (offset 0)
2026-08-26 01:59:12,046 WARNING pypdf._reader Ignoring wrong pointing object 535 0 (offset 0)
2026-08-26 01:59:12,046 WARNING pypdf._reader Ignoring wrong pointing object 537 0 (offset 0)
2026-08-26 01:59:12,046 WARNING pypdf._reader Ignoring wrong pointing object 539 0 (offset 0)
2026-08-26 01:59:12,047 WARNING pypdf._reader Ignoring wrong pointing object 549 0 (offset 0)
2026-08-26 01:59:12,047 WARNING pypdf._reader Ignoring wrong pointing object 555 0 (offset 0)
2026-08-26 01:59:12,062 WARNING pypdf._reader Ignoring wrong pointing object 8 0 (offset 0)
2026-08-26 01:59:12,062 WARNING pypdf._reader Ignoring wrong pointing object 10 0 (offset 0)
2026-08-26 01:59:12,063 WARNING pypdf._reader Ignoring wrong pointing object 43 0 (offset 0)
2026-08-26 01:59:12,063 WARNING pypdf._reader Ignoring wrong pointing object 47 0 (offset 0)
2026-08-26 01:59:12,064 WARNING pypdf._reader Ignoring wrong pointing object 78 0 (offset 0)
2026-08-26 01:59:12,067 WARNING pypdf._reader Ignoring wrong pointing object 124 0 (offset 0)
2026-08-26 01:59:12,069 WARNING pypdf._reader Ignoring wrong pointing object 151 0 (offset 0)
2026-08-26 01:59:12,070 WARNING pypdf._reader Ignoring wrong pointing object 286 0 (offset 0)
2026-08-26 01:59:12,072 WARNING pypdf._reader Ignoring wrong pointing object 429 0 (offset 0)
2026-08-26 01:59:12,072 WARNING pypdf._reader Ignoring wrong pointing object 476 0 (offset 0)
2026-08-26 01:59:12,074 WARNING pypdf._reader Ignoring wrong pointing object 483 0 (offset 0)
2026-08-26 01:59:12,074 WARNING pypdf._reader Ignoring wrong pointing object 485 0 (offset 0)
2026-08-26 01:59:12,075 WARNING pypdf._reader Ignoring wrong pointing object 491 0 (offset 0)
2026-08-26 01:59:12,075 WARNING pypdf._reader Ignoring wrong pointing object 497 0 (offset 0)
2026-08-26 01:59:12,076 WARNING pypdf._reader Ignoring wrong pointing object 499 0 (offset 0)
2026-08-26 01:59:12,076 WARNING pypdf._reader Ignoring wrong pointing object 501 0 (offset 0)
2026-08-26 01:59:12,078 WARNING pypdf._reader Ignoring wrong pointing object 503 0 (offset 0)
2026-08-26 01:59:12,079 WARNING pypdf._reader Ignoring wrong pointing object 505 0 (offset 0)
2026-08-26 01:59:12,079 WARNING pypdf._reader Ignoring wrong pointing object 507 0 (offset 0)
2026-08-26 01:59:12,079 WARNING pypdf._reader Ignoring wrong pointing object 509 0 (offset 0)
2026-08-26 01:59:12,080 WARNING pypdf._reader Ignoring wrong pointing object 511 0 (offset 0)
2026-08-26 01:59:12,082 WARNING pypdf._reader Ignoring wrong pointing object 514 0 (offset 0)
2026-08-26 01:59:12,082 WARNING pypdf._reader Ignoring wrong pointing object 516 0 (offset 0)
2026-08-26 01:59:12,083 WARNING pypdf._reader Ignoring wrong pointing object 523 0 (offset 0)
2026-08-26 01:59:12,083 WARNING pypdf._reader Ignoring wrong pointing object 525 0 (offset 0)
2026-08-26 01:59:12,084 WARNING pypdf._reader Ignoring wrong pointing object 533 0 (offset 0)
2026-08-26 01:59:12,084 WARNING pypdf._reader Ignoring wrong pointing object 535 0 (offset 0)
2026-08-26 01:59:12,084 WARNING pypdf._reader Ignoring wrong pointing object 537 0 (offset 0)
2026-08-26 01:59:12,085 WARNING pypdf._reader Ignoring wrong pointing object 539 0 (offset 0)
2026-08-26 01:59:12,085 WARNING pypdf._reader Ignoring wrong pointing object 549 0 (offset 0)
2026-08-26 01:59:12,085 WARNING pypdf._reader Ignoring wrong pointing object 555 0 (offset 0)
2026-08-26 01:59:12,561 INFO uk_kb_collector DRY-RUN would store https://assets.publishing.service.gov.uk/media/67b480483e77ca8b737d37be/Open_book_contract_management_guidance.pdf -> C:\Users\Donny\Desktop\UK-KB-Collector\Knowledge_Base\03_Procurement_Policy_Notes\2025-02-17__UK Government__PPN 004_ Open Book Contract Management Guidance (PDF)__v1.pdf
2026-08-26 01:59:13,118 INFO uk_kb_collector DRY-RUN would store https://assets.publishing.service.gov.uk/media/67af5f3e6e6c8d18118ace43/PPN_005_Guide_to_reserving_below_threshold.pdf -> C:\Users\Donny\Desktop\UK-KB-Collector\Knowledge_Base\03_Procurement_Policy_Notes\2025-02-17__UK Government__PPN 005_ Guide to reserving below threshold (PDF)__v1.pdf
2026-08-26 01:59:15,148 INFO uk_kb_collector DRY-RUN would store https://assets.publishing.service.gov.uk/media/68833e162b6fd60b7c16104d/2025-02-04_PPN_006_Taking_account_of_Carbon_Reduction_Plans.docx__1_.pdf -> C:\Users\Donny\Desktop\UK-KB-Collector\Knowledge_Base\03_Procurement_Policy_Notes\2025-02-17__UK Government__PPN 006_ Taking account of Carbon Reduction Plans (PDF)__v1.pdf
2026-08-26 01:59:16,282 INFO uk_kb_collector DRY-RUN would store https://assets.publishing.service.gov.uk/media/67b716f078dd6cacb71c6a87/2025-02-05_PPN_006_Guidance_on_taking_account_of_carbon_reduction_plans_-_adopting_and_applying_conditions_of_participation.docx.pdf -> C:\Users\Donny\Desktop\UK-KB-Collector\Knowledge_Base\03_Procurement_Policy_Notes\2025-02-17__UK Government__PPN 006_ Guidance on taking account of carbon reduction plans- adopting and applying conditions of participation (PDF)__v1.pdf
2026-08-26 01:59:17,820 INFO uk_kb_collector DRY-RUN would store https://assets.publishing.service.gov.uk/media/67b334c67c070e71525f5818/PPN_006_Technical_standard_for_Completion_of_Carbon_Reduction_Plans.pdf -> C:\Users\Donny\Desktop\UK-KB-Collector\Knowledge_Base\03_Procurement_Policy_Notes\2025-02-17__UK Government__PPN 006_ Technical standard for Completion of Carbon Reduction Plans (PDF)__v1.pdf
2026-08-26 01:59:19,149 INFO uk_kb_collector DRY-RUN would store https://assets.publishing.service.gov.uk/media/67b339684a80c6718b55be29/PPN_007_Contracts_with_suppliers_from_Russia_and_Belarus.pdf -> C:\Users\Donny\Desktop\UK-KB-Collector\Knowledge_Base\03_Procurement_Policy_Notes\2025-02-17__UK Government__PPN 007_ Contracts with suppliers from Russia and Belarus (PDF)__v1.pdf
2026-08-26 01:59:20,759 INFO uk_kb_collector DRY-RUN would store https://assets.publishing.service.gov.uk/media/67af6a24e270ceae39f9e270/PPN_007_Contracts_with_suppliers_from_Russia_and_Belarus_FAQs.pdf -> C:\Users\Donny\Desktop\UK-KB-Collector\Knowledge_Base\03_Procurement_Policy_Notes\2025-02-17__UK Government__PPN 007_ Contracts with suppliers from Russia and Belarus FAQs (PDF)__v1.pdf
2026-08-26 01:59:22,048 INFO uk_kb_collector DRY-RUN would store https://assets.publishing.service.gov.uk/media/67af6b89a1d2c59f9ba29bcc/PPN_008_Armed_Forces_Covenant.pdf -> C:\Users\Donny\Desktop\UK-KB-Collector\Knowledge_Base\03_Procurement_Policy_Notes\2025-02-17__UK Government__PPN 008_ Armed Forces Covenant (PDF)__v1.pdf
2026-08-26 01:59:23,367 INFO uk_kb_collector DRY-RUN would store https://assets.publishing.service.gov.uk/media/67fe34f9ed87b816085466c6/2025-04-11_PPN_009_Tackling_Modern_Slavery_in_Supply_Chains_.pdf -> C:\Users\Donny\Desktop\UK-KB-Collector\Knowledge_Base\03_Procurement_Policy_Notes\2025-02-17__UK Government__PPN 009_ Tackling modern slavery in government supply chains (PDF)__v1.pdf
2026-08-26 01:59:25,178 INFO uk_kb_collector DRY-RUN would store https://assets.publishing.service.gov.uk/media/67fe409e393a986ec5cf8d53/2025-04-11_PPN_009_Guidance_on_tackling_modern_slavery.pdf -> C:\Users\Donny\Desktop\UK-KB-Collector\Knowledge_Base\03_Procurement_Policy_Notes\2025-02-17__UK Government__PPN 009_ Guidance on tackling modern slavery in government supply chains (PDF)__v1.pdf
2026-08-26 01:59:26,691 INFO uk_kb_collector DRY-RUN would store https://assets.publishing.service.gov.uk/media/67af73472c594609b38ace52/PPN_011_The_Commercial_Playbooks.pdf -> C:\Users\Donny\Desktop\UK-KB-Collector\Knowledge_Base\03_Procurement_Policy_Notes\2025-02-17__Cabinet Office__PPN 011_ The Commercial Playbooks (PDF)__v1.pdf
2026-08-26 01:59:28,283 INFO uk_kb_collector DRY-RUN would store https://assets.publishing.service.gov.uk/media/67af7521a75f02dffca29bd5/PPN_012_Security_Classifications_Policy.pdf -> C:\Users\Donny\Desktop\UK-KB-Collector\Knowledge_Base\03_Procurement_Policy_Notes\2025-02-17__UK Government__PPN 012_ Security Classifications Policy (PDF)__v1.pdf
2026-08-26 01:59:29,528 INFO uk_kb_collector DRY-RUN would store https://assets.publishing.service.gov.uk/media/680b515e56bc2cfe7f7f5b52/PPN_013_Using_standard_contracts.pdf -> C:\Users\Donny\Desktop\UK-KB-Collector\Knowledge_Base\03_Procurement_Policy_Notes\2025-02-17__Cabinet Office__PPN 013_ Using standard contracts (PDF)__v1.pdf
2026-08-26 01:59:30,979 INFO uk_kb_collector DRY-RUN would store https://assets.publishing.service.gov.uk/media/67af78c8a75f02dffca29bd8/PPN_014_Cyber_essentials_scheme.pdf -> C:\Users\Donny\Desktop\UK-KB-Collector\Knowledge_Base\03_Procurement_Policy_Notes\2025-02-17__UK Government__PPN 014_ Cyber essentials scheme (PDF)__v1.pdf
2026-08-26 01:59:32,776 INFO uk_kb_collector DRY-RUN would store https://assets.publishing.service.gov.uk/media/67b318487c070e71525f5800/PPN_016_Carbon_reduction_contract_schedule.pdf -> C:\Users\Donny\Desktop\UK-KB-Collector\Knowledge_Base\03_Procurement_Policy_Notes\2025-02-17__Cabinet Office__PPN 016_ Carbon reduction contract schedule (PDF)__v1.pdf
2026-08-26 01:59:34,411 INFO uk_kb_collector DRY-RUN would store https://assets.publishing.service.gov.uk/media/67b5b8c7d15c152ea555bf8a/2025-02-04_PPN_016_Carbon_reduction_contract_schedule_and_guidance.docx__1_.pdf -> C:\Users\Donny\Desktop\UK-KB-Collector\Knowledge_Base\03_Procurement_Policy_Notes\2025-02-17__UK Government__PPN 016_ Carbon reduction contract schedule and guidance (PDF)__v1.pdf
2026-08-26 01:59:35,650 INFO uk_kb_collector DRY-RUN would store https://assets.publishing.service.gov.uk/media/67af7ba0e270ceae39f9e279/PPN_017_Improving_transparency_of_AI_use_in_procurement.pdf -> C:\Users\Donny\Desktop\UK-KB-Collector\Knowledge_Base\03_Procurement_Policy_Notes\2025-02-17__UK Government__PPN 017_ Improving transparency of AI use in procurement (PDF)__v1.pdf
2026-08-26 01:59:37,100 INFO uk_kb_collector DRY-RUN would store https://assets.publishing.service.gov.uk/media/6749a8b06f60e77679723a6c/2024-10-23_PPN_018_Taking_account_of_a_bidders_approach_to_payment_in_the_procurement_of_major_contracts.docx.pdf -> C:\Users\Donny\Desktop\UK-KB-Collector\Knowledge_Base\03_Procurement_Policy_Notes\2024-12-03__UK Government__PPN 018_ Taking account of a supplier’s approach to payment in the procurement of major contracts (PDF)__v1.pdf
2026-08-26 01:59:39,231 INFO uk_kb_collector DRY-RUN would store https://assets.publishing.service.gov.uk/media/67ff8cd44f66a92e2854677a/2024-10-23_PPN_018_Guidance_on_how_to_take_account_of_a_supplier_s_approach_to_payment_in_the_procurement_of_major_contracts.pdf -> C:\Users\Donny\Desktop\UK-KB-Collector\Knowledge_Base\03_Procurement_Policy_Notes\2024-12-03__UK Government__PPN 018_ How to take account of a supplier's approach to payment in the procurement of major contracts (Guidance) (PDF)__v1.pdf
2026-08-26 01:59:40,114 INFO uk_kb_collector DRY-RUN would store https://assets.publishing.service.gov.uk/media/67ea9b5f070b3238cf7f2794/2025-3-06_PPN_Procurement_Policy_Note___update_to_legal_requirements_to_publish_procurement__information_on_Contracts_Finder_final_.pdf -> C:\Users\Donny\Desktop\UK-KB-Collector\Knowledge_Base\03_Procurement_Policy_Notes\2025-03-10__UK Government__Update to legal requirements to publish procurement information on Contracts Finder (PDF)__v1.pdf
2026-08-26 01:59:42,250 INFO uk_kb_collector DRY-RUN would store https://assets.publishing.service.gov.uk/media/67ea9b74f0edd954a99fe96a/2025-03-06_Guidance_on_transparency_requirements_for_publishing_on_Contracts_Finder_-_legislative_requirements_-_Final_.pdf -> C:\Users\Donny\Desktop\UK-KB-Collector\Knowledge_Base\03_Procurement_Policy_Notes\2025-03-10__UK Government__Guidance on the transparency requirements for publishing on Contracts Finder (PDF)__v1.pdf
2026-08-26 01:59:43,694 INFO uk_kb_collector DRY-RUN would store https://assets.publishing.service.gov.uk/media/6809f0708c1316be7978e7cc/PPN_020_Gudiance_on_data_protection_legislation.pdf -> C:\Users\Donny\Desktop\UK-KB-Collector\Knowledge_Base\03_Procurement_Policy_Notes\2025-04-24__UK Government__PPN 020_ Guidance on data protection legislation (PDF)__v1.pdf
2026-08-26 01:59:44,773 INFO uk_kb_collector DRY-RUN would store https://assets.publishing.service.gov.uk/media/690dfce6896fad804b050f9a/2025-04-16_PPN_021_Payment_spot_checks_in_public_sub-contracts.docx.pdf -> C:\Users\Donny\Desktop\UK-KB-Collector\Knowledge_Base\03_Procurement_Policy_Notes\2025-04-24__UK Government__PPN 021_ Payment Spot Checks in Public Sub-Contracts (PDF)__v1.pdf
2026-08-26 01:59:46,400 INFO uk_kb_collector DRY-RUN would store https://assets.publishing.service.gov.uk/media/68e64a0949e17d00a56fff08/2025-10-07_PPN_021_Updated_guidance_on_how_to_conduct_a_payment_spot_check_under_a_public_sub-contract.pdf -> C:\Users\Donny\Desktop\UK-KB-Collector\Knowledge_Base\03_Procurement_Policy_Notes\2025-04-24__UK Government__PPN 021_ Guidance on how to conduct a Payment Spot Check under a public sub-contract (PDF)__v1.pdf
2026-08-26 01:59:48,192 INFO uk_kb_collector DRY-RUN would store https://assets.publishing.service.gov.uk/media/6a55052d9e9c95844ae64e25/2026-07-13_PPN_022_Procuring_Steel_in_Government_Contracts.docx.pdf -> C:\Users\Donny\Desktop\UK-KB-Collector\Knowledge_Base\03_Procurement_Policy_Notes\2025-06-26__UK Government__PPN 022_ Procuring Steel in Government Contracts (PDF)__v1.pdf
2026-08-26 01:59:49,650 INFO uk_kb_collector DRY-RUN would store https://assets.publishing.service.gov.uk/media/6a55091a2467584757371e97/2026-07-13_-_PPN_022_Guidance_on_Procuring_Steel_in_Government_Contracts.docx.pdf -> C:\Users\Donny\Desktop\UK-KB-Collector\Knowledge_Base\03_Procurement_Policy_Notes\2025-06-26__UK Government__PPN 022_ Guidance on Procuring Steel in Government Contracts (PDF)__v1.pdf
2026-08-26 01:59:51,320 INFO uk_kb_collector DRY-RUN would store https://assets.publishing.service.gov.uk/media/6a5508cec3d64d94cacab8f1/2026-07-13_-_PPN_022_FAQ_on_Procuring_Steel_in_Government_Contracts.docx.pdf -> C:\Users\Donny\Desktop\UK-KB-Collector\Knowledge_Base\03_Procurement_Policy_Notes\2025-06-26__UK Government__PPN 022_ FAQs on Procuring Steel in Government Contracts (PDF)__v1.pdf
2026-08-26 01:59:52,182 INFO uk_kb_collector DRY-RUN would store https://assets.publishing.service.gov.uk/media/685abe6572588f4188620770/2025-06-24_-_PPN_022_Product_and_Origin_Data_-_Example_contract_clause.pdf -> C:\Users\Donny\Desktop\UK-KB-Collector\Knowledge_Base\03_Procurement_Policy_Notes\2025-06-26__UK Government__PPN 022_ Product & Origin Data - Example Contract Clause (PDF)__v1.pdf
2026-08-26 01:59:53,562 INFO uk_kb_collector DRY-RUN would store https://assets.publishing.service.gov.uk/media/685abe71454906840a44d633/2025-06-24_-_PPN_022_UK_Steel_s_Digital_Catalogue_-_Example_contract_clause.pdf -> C:\Users\Donny\Desktop\UK-KB-Collector\Knowledge_Base\03_Procurement_Policy_Notes\2025-06-26__UK Government__PPN 022_ UK Steel’s Digital Catalogue - Example Contract Clause (PDF)__v1.pdf
2026-08-26 01:59:55,135 INFO uk_kb_collector DRY-RUN would store https://assets.publishing.service.gov.uk/media/6929c25eb3b9afff34e96238/2025-11-14_PPN_023_2026_Threshold_amounts.pdf -> C:\Users\Donny\Desktop\UK-KB-Collector\Knowledge_Base\03_Procurement_Policy_Notes\2025-11-27__UK Government__PPN 023_ 2026 Threshold Amounts (PDF)__v1.pdf
2026-08-26 01:59:56,843 INFO uk_kb_collector DRY-RUN would store https://assets.publishing.service.gov.uk/media/6a325f640bea238415c9a11f/2026-06-17_-_PPN_024_Public_Interest_Test_and_Insourcing_Strategy_PPN.docx.pdf -> C:\Users\Donny\Desktop\UK-KB-Collector\Knowledge_Base\03_Procurement_Policy_Notes\2026-06-17__UK Government__PPN 024 - The Public Interest Test and Insourcing Strategy (PDF)__v1.pdf
2026-08-26 01:59:58,227 WARNING pypdf._reader Ignoring wrong pointing object 15 0 (offset 0)
2026-08-26 01:59:58,228 WARNING pypdf._reader Ignoring wrong pointing object 17 0 (offset 0)
2026-08-26 01:59:58,228 WARNING pypdf._reader Ignoring wrong pointing object 19 0 (offset 0)
2026-08-26 01:59:58,228 WARNING pypdf._reader Ignoring wrong pointing object 21 0 (offset 0)
2026-08-26 01:59:58,229 WARNING pypdf._reader Ignoring wrong pointing object 59 0 (offset 0)
2026-08-26 01:59:58,229 WARNING pypdf._reader Ignoring wrong pointing object 64 0 (offset 0)
2026-08-26 01:59:58,229 WARNING pypdf._reader Ignoring wrong pointing object 66 0 (offset 0)
2026-08-26 01:59:58,229 WARNING pypdf._reader Ignoring wrong pointing object 73 0 (offset 0)
2026-08-26 01:59:58,233 WARNING pypdf._reader Ignoring wrong pointing object 15 0 (offset 0)
2026-08-26 01:59:58,234 WARNING pypdf._reader Ignoring wrong pointing object 17 0 (offset 0)
2026-08-26 01:59:58,234 WARNING pypdf._reader Ignoring wrong pointing object 19 0 (offset 0)
2026-08-26 01:59:58,234 WARNING pypdf._reader Ignoring wrong pointing object 21 0 (offset 0)
2026-08-26 01:59:58,235 WARNING pypdf._reader Ignoring wrong pointing object 59 0 (offset 0)
2026-08-26 01:59:58,235 WARNING pypdf._reader Ignoring wrong pointing object 64 0 (offset 0)
2026-08-26 01:59:58,235 WARNING pypdf._reader Ignoring wrong pointing object 66 0 (offset 0)
2026-08-26 01:59:58,236 WARNING pypdf._reader Ignoring wrong pointing object 73 0 (offset 0)
2026-08-26 01:59:58,705 INFO uk_kb_collector DRY-RUN would store https://assets.publishing.service.gov.uk/media/6a3255afe590e5e061c9a0fb/2026-06-17_Insourcing_and_the_Public_Interest_Test_Guidance.pdf -> C:\Users\Donny\Desktop\UK-KB-Collector\Knowledge_Base\03_Procurement_Policy_Notes\2026-06-17__UK Government__Insourcing and the Public Interest Test - Guidance Note (PDF)__v1.pdf
2026-08-26 01:59:59,712 INFO uk_kb_collector DRY-RUN would store https://assets.publishing.service.gov.uk/media/6a44ce4dfa72f76532a4e48a/2026-06-29_-_PPN_025_-_Protecting_the_UK_s_national_security_through_public_procurement.pdf -> C:\Users\Donny\Desktop\UK-KB-Collector\Knowledge_Base\03_Procurement_Policy_Notes\2026-06-19__UK Government__PPN 025 - Protecting the UK’s national security through public procurement (PDF)__v1.pdf
2026-08-26 02:00:01,277 INFO uk_kb_collector DRY-RUN would store https://assets.publishing.service.gov.uk/media/6a44ce56167a99cf0018da07/2026-06-29_-_PPN_025_-_Protecting_the_UK_s_national_security_through_public_procurement_-_Guidance_v1.31.pdf -> C:\Users\Donny\Desktop\UK-KB-Collector\Knowledge_Base\03_Procurement_Policy_Notes\2026-06-19__UK Government__Guidance to Procurement Policy Note 025 Protecting the UK’s national security through public procurement (PDF)__v1.pdf
2026-08-26 02:00:03,601 INFO uk_kb_collector DRY-RUN would store https://assets.publishing.service.gov.uk/media/6a727128332792bd88ece51b/PPN_026_The_Social_Value_Model.pdf -> C:\Users\Donny\Desktop\UK-KB-Collector\Knowledge_Base\03_Procurement_Policy_Notes\2026-08-05__UK Government__PPN 026_ The Social Value Model (PDF)__v1.pdf
2026-08-26 02:00:04,719 INFO uk_kb_collector DRY-RUN would store https://assets.publishing.service.gov.uk/media/6603fef791a320001182b066/PPN_03_24_Standard_Selection_Questionnaire_2024_Update.pdf -> C:\Users\Donny\Desktop\UK-KB-Collector\Knowledge_Base\03_Procurement_Policy_Notes\2024-03-27__UK Government__PPN 03_24_ Standard Selection Questionnaire (SQ) (PDF)__v1.pdf
2026-08-26 02:00:05,805 INFO uk_kb_collector DRY-RUN would store https://assets.publishing.service.gov.uk/media/66019771a6c0f7bb15ef9252/PPN_02_24_Improving_Transparency_of_AI_use_in_Procurement.pdf -> C:\Users\Donny\Desktop\UK-KB-Collector\Knowledge_Base\03_Procurement_Policy_Notes\2024-03-25__Cabinet Office__PPN 02_24 Improving Transparency of AI use in Procurement (PDF)__v1.pdf
2026-08-26 02:00:08,563 INFO uk_kb_collector DRY-RUN would store https://assets.publishing.service.gov.uk/media/65f80672af6a0daea190d501/2023-12-01_Carbon_clauses_PPN_01_24.pdf -> C:\Users\Donny\Desktop\UK-KB-Collector\Knowledge_Base\03_Procurement_Policy_Notes\2024-03-18__Cabinet Office__Procurement Policy Note 01_24_ Carbon Reduction Contract Schedule (PDF)__v1.pdf
2026-08-26 02:00:09,290 INFO uk_kb_collector DRY-RUN would store https://assets.publishing.service.gov.uk/media/65f80b818112257381579f49/2024-02-15_Carbon_Reduction_Schedule.pdf -> C:\Users\Donny\Desktop\UK-KB-Collector\Knowledge_Base\03_Procurement_Policy_Notes\2024-03-18__UK Government__Carbon Reduction Schedule (PDF)__v1.pdf
2026-08-26 02:00:10,795 INFO uk_kb_collector DRY-RUN would store https://assets.publishing.service.gov.uk/media/661cf7fc08c3be25cfbd3d8b/2023-11-15_Carbon_Schedule_Guidance_updated.pdf -> C:\Users\Donny\Desktop\UK-KB-Collector\Knowledge_Base\03_Procurement_Policy_Notes\2024-03-18__UK Government__Carbon Reduction Schedule Guidance (PDF)__v1.pdf
2026-08-26 02:00:11,900 WARNING pypdf._reader Ignoring wrong pointing object 6 0 (offset 0)
2026-08-26 02:00:11,901 WARNING pypdf._reader Ignoring wrong pointing object 8 0 (offset 0)
2026-08-26 02:00:11,901 WARNING pypdf._reader Ignoring wrong pointing object 10 0 (offset 0)
2026-08-26 02:00:11,901 WARNING pypdf._reader Ignoring wrong pointing object 12 0 (offset 0)
2026-08-26 02:00:11,901 WARNING pypdf._reader Ignoring wrong pointing object 14 0 (offset 0)
2026-08-26 02:00:11,902 WARNING pypdf._reader Ignoring wrong pointing object 16 0 (offset 0)
2026-08-26 02:00:11,902 WARNING pypdf._reader Ignoring wrong pointing object 18 0 (offset 0)
2026-08-26 02:00:11,902 WARNING pypdf._reader Ignoring wrong pointing object 20 0 (offset 0)
2026-08-26 02:00:11,902 WARNING pypdf._reader Ignoring wrong pointing object 22 0 (offset 0)
2026-08-26 02:00:11,903 WARNING pypdf._reader Ignoring wrong pointing object 33 0 (offset 0)
2026-08-26 02:00:11,903 WARNING pypdf._reader Ignoring wrong pointing object 38 0 (offset 0)
2026-08-26 02:00:11,903 WARNING pypdf._reader Ignoring wrong pointing object 41 0 (offset 0)
2026-08-26 02:00:11,904 WARNING pypdf._reader Ignoring wrong pointing object 43 0 (offset 0)
2026-08-26 02:00:11,906 WARNING pypdf._reader Ignoring wrong pointing object 6 0 (offset 0)
2026-08-26 02:00:11,911 WARNING pypdf._reader Ignoring wrong pointing object 8 0 (offset 0)
2026-08-26 02:00:11,912 WARNING pypdf._reader Ignoring wrong pointing object 10 0 (offset 0)
2026-08-26 02:00:11,912 WARNING pypdf._reader Ignoring wrong pointing object 12 0 (offset 0)
2026-08-26 02:00:11,913 WARNING pypdf._reader Ignoring wrong pointing object 14 0 (offset 0)
2026-08-26 02:00:11,913 WARNING pypdf._reader Ignoring wrong pointing object 16 0 (offset 0)
2026-08-26 02:00:11,913 WARNING pypdf._reader Ignoring wrong pointing object 18 0 (offset 0)
2026-08-26 02:00:11,914 WARNING pypdf._reader Ignoring wrong pointing object 20 0 (offset 0)
2026-08-26 02:00:11,914 WARNING pypdf._reader Ignoring wrong pointing object 22 0 (offset 0)
2026-08-26 02:00:11,914 WARNING pypdf._reader Ignoring wrong pointing object 33 0 (offset 0)
2026-08-26 02:00:11,914 WARNING pypdf._reader Ignoring wrong pointing object 38 0 (offset 0)
2026-08-26 02:00:11,915 WARNING pypdf._reader Ignoring wrong pointing object 41 0 (offset 0)
2026-08-26 02:00:11,915 WARNING pypdf._reader Ignoring wrong pointing object 43 0 (offset 0)
2026-08-26 02:00:12,067 INFO uk_kb_collector DRY-RUN would store https://assets.publishing.service.gov.uk/media/657c67ca83ba380013e1b635/PPN-12_23-North-Macedonia-Accession-to-the-Agreement-on-Government-Procurement-and-CPV-Code-Amendments.pdf -> C:\Users\Donny\Desktop\UK-KB-Collector\Knowledge_Base\03_Procurement_Policy_Notes\2023-12-19__UK Government__Procurment Policy Note 12_23_ North Macedonia Accession to the Agreement on Government Procurement & CPV Code Amendments (PDF)__v1.pdf
2026-08-26 02:00:13,397 WARNING pypdf._reader Ignoring wrong pointing object 6 0 (offset 0)
2026-08-26 02:00:13,563 WARNING pypdf._reader Ignoring wrong pointing object 8 0 (offset 0)
2026-08-26 02:00:13,582 WARNING pypdf._reader Ignoring wrong pointing object 10 0 (offset 0)
2026-08-26 02:00:13,595 WARNING pypdf._reader Ignoring wrong pointing object 12 0 (offset 0)
2026-08-26 02:00:13,597 WARNING pypdf._reader Ignoring wrong pointing object 14 0 (offset 0)
2026-08-26 02:00:13,597 WARNING pypdf._reader Ignoring wrong pointing object 16 0 (offset 0)
2026-08-26 02:00:13,599 WARNING pypdf._reader Ignoring wrong pointing object 18 0 (offset 0)
2026-08-26 02:00:13,600 WARNING pypdf._reader Ignoring wrong pointing object 20 0 (offset 0)
2026-08-26 02:00:13,601 WARNING pypdf._reader Ignoring wrong pointing object 22 0 (offset 0)
2026-08-26 02:00:13,602 WARNING pypdf._reader Ignoring wrong pointing object 24 0 (offset 0)
2026-08-26 02:00:13,602 WARNING pypdf._reader Ignoring wrong pointing object 26 0 (offset 0)
2026-08-26 02:00:13,603 WARNING pypdf._reader Ignoring wrong pointing object 28 0 (offset 0)
2026-08-26 02:00:13,603 WARNING pypdf._reader Ignoring wrong pointing object 32 0 (offset 0)
2026-08-26 02:00:13,603 WARNING pypdf._reader Ignoring wrong pointing object 44 0 (offset 0)
2026-08-26 02:00:13,608 WARNING pypdf._reader Ignoring wrong pointing object 46 0 (offset 0)
2026-08-26 02:00:13,617 WARNING pypdf._reader Ignoring wrong pointing object 48 0 (offset 0)
2026-08-26 02:00:13,660 WARNING pypdf._reader Ignoring wrong pointing object 50 0 (offset 0)
2026-08-26 02:00:13,665 WARNING pypdf._reader Ignoring wrong pointing object 52 0 (offset 0)
2026-08-26 02:00:13,671 WARNING pypdf._reader Ignoring wrong pointing object 54 0 (offset 0)
2026-08-26 02:00:13,682 WARNING pypdf._reader Ignoring wrong pointing object 6 0 (offset 0)
2026-08-26 02:00:13,691 WARNING pypdf._reader Ignoring wrong pointing object 8 0 (offset 0)
2026-08-26 02:00:13,695 WARNING pypdf._reader Ignoring wrong pointing object 10 0 (offset 0)
2026-08-26 02:00:13,698 WARNING pypdf._reader Ignoring wrong pointing object 12 0 (offset 0)
2026-08-26 02:00:13,703 WARNING pypdf._reader Ignoring wrong pointing object 14 0 (offset 0)
2026-08-26 02:00:13,714 WARNING pypdf._reader Ignoring wrong pointing object 16 0 (offset 0)
2026-08-26 02:00:13,720 WARNING pypdf._reader Ignoring wrong pointing object 18 0 (offset 0)
2026-08-26 02:00:13,730 WARNING pypdf._reader Ignoring wrong pointing object 20 0 (offset 0)
2026-08-26 02:00:13,742 WARNING pypdf._reader Ignoring wrong pointing object 22 0 (offset 0)
2026-08-26 02:00:13,748 WARNING pypdf._reader Ignoring wrong pointing object 24 0 (offset 0)
2026-08-26 02:00:13,762 WARNING pypdf._reader Ignoring wrong pointing object 26 0 (offset 0)
2026-08-26 02:00:13,793 WARNING pypdf._reader Ignoring wrong pointing object 28 0 (offset 0)
2026-08-26 02:00:13,815 WARNING pypdf._reader Ignoring wrong pointing object 32 0 (offset 0)
2026-08-26 02:00:13,829 WARNING pypdf._reader Ignoring wrong pointing object 44 0 (offset 0)
2026-08-26 02:00:13,834 WARNING pypdf._reader Ignoring wrong pointing object 46 0 (offset 0)
2026-08-26 02:00:13,849 WARNING pypdf._reader Ignoring wrong pointing object 48 0 (offset 0)
2026-08-26 02:00:13,865 WARNING pypdf._reader Ignoring wrong pointing object 50 0 (offset 0)
2026-08-26 02:00:13,892 WARNING pypdf._reader Ignoring wrong pointing object 52 0 (offset 0)
2026-08-26 02:00:13,904 WARNING pypdf._reader Ignoring wrong pointing object 54 0 (offset 0)
2026-08-26 02:00:14,394 INFO uk_kb_collector DRY-RUN would store https://assets.publishing.service.gov.uk/media/657c4b101c0c2a000d18ce2a/PPN-11_23-New-Thresholds.pdf -> C:\Users\Donny\Desktop\UK-KB-Collector\Knowledge_Base\03_Procurement_Policy_Notes\2023-12-19__UK Government__Procurement Policy Note 11_23 – New Thresholds (PDF)__v1.pdf
2026-08-26 02:00:14,963 INFO uk_kb_collector DRY-RUN would store https://assets.publishing.service.gov.uk/media/655c9cddd03a8d001207fdc2/2023-11-21_PPN_10_23_Taking_account_of_a_bidders_approach_to_payment_in_the_procurement_of_major_contracts_PDF.pdf -> C:\Users\Donny\Desktop\UK-KB-Collector\Knowledge_Base\03_Procurement_Policy_Notes\2023-11-23__UK Government__Procurement Policy Note – Taking account of a bidder’s approach to payment in the procurement of major contracts (PDF)__v1.pdf
2026-08-26 02:00:16,549 WARNING pypdf._reader Ignoring wrong pointing object 614 0 (offset 0)
2026-08-26 02:00:16,555 WARNING pypdf._reader Ignoring wrong pointing object 614 0 (offset 0)
2026-08-26 02:00:17,216 INFO uk_kb_collector DRY-RUN would store https://assets.publishing.service.gov.uk/media/6800f38e90d0846c19e287f1/2023-11-21_PPN_1023_Guidance.pdf -> C:\Users\Donny\Desktop\UK-KB-Collector\Knowledge_Base\03_Procurement_Policy_Notes\2023-11-23__UK Government__Guidance on how to take account of a bidder’s approach to payment in the procurement of major contracts November 2023 (PDF)__v1.pdf
2026-08-26 02:00:18,162 INFO uk_kb_collector DRY-RUN would store https://assets.publishing.service.gov.uk/media/652d2b6ad86b1b000d3a4fbe/2023-10-11_Updated_PPN_09_23_Cyber_Essentials_eg.pdf -> C:\Users\Donny\Desktop\UK-KB-Collector\Knowledge_Base\03_Procurement_Policy_Notes\2023-09-19__UK Government__Procurement Policy Note_ Updates to the Cyber Essentials Scheme (PDF)__v1.pdf
2026-08-26 02:00:19,574 INFO uk_kb_collector DRY-RUN would store https://assets.publishing.service.gov.uk/media/64c8ffa119f562000df3c200/PPN_08_23_Using_Standard_Contracts_-_Final_Version__1_.pdf -> C:\Users\Donny\Desktop\UK-KB-Collector\Knowledge_Base\03_Procurement_Policy_Notes\2023-08-01__Cabinet Office__Procurement Policy Note_ Using Standard Contracts (PDF)__v1.pdf
2026-08-26 02:00:21,320 INFO uk_kb_collector DRY-RUN would store https://assets.publishing.service.gov.uk/media/649ea509bb13dc000cb2e3cd/Procurement_Policy_Note_-_Government_Security_Classifications_Policy.pdf -> C:\Users\Donny\Desktop\UK-KB-Collector\Knowledge_Base\03_Procurement_Policy_Notes\2023-06-30__UK Government__Procurement Policy Note_ Government Security Classifications Policy (PDF)__v1.pdf
2026-08-26 02:00:22,517 INFO uk_kb_collector DRY-RUN would store https://assets.publishing.service.gov.uk/media/64905c015f7bb7000c7fad21/PPN_06_23_The_Commercial_Playbooks.pdf -> C:\Users\Donny\Desktop\UK-KB-Collector\Knowledge_Base\03_Procurement_Policy_Notes\2023-06-20__UK Government__Procurement Policy Note_ The Commercial Playbooks (PDF)__v1.pdf
2026-08-26 02:00:24,396 INFO uk_kb_collector DRY-RUN would store https://assets.publishing.service.gov.uk/media/6463a34fe140700013b6e03c/Procurement_Policy_Note___Changes_to_Public_Procurement_Obligations_Arising_from_the_New_Australia_and_New_Zealand_Free_Trade_Agreements.pdf -> C:\Users\Donny\Desktop\UK-KB-Collector\Knowledge_Base\03_Procurement_Policy_Notes\2023-05-25__UK Government__Procurement Policy Note – Changes to Public Procurement Obligations Arising from the Australia and New Zealand Free Trade Agreements (PDF)__v1.pdf
2026-08-26 02:00:26,015 INFO uk_kb_collector DRY-RUN would store https://assets.publishing.service.gov.uk/media/642d566dddf8ad000cac0e28/2023.03.22-PPN-04_23-Procuring-Steel-in-Government-Contracts-Final.docx-Google-Docs.pdf -> C:\Users\Donny\Desktop\UK-KB-Collector\Knowledge_Base\03_Procurement_Policy_Notes\2023-04-11__UK Government__PPN 04_23 - Procuring Steel in Government Contracts (PDF)__v1.pdf
2026-08-26 02:00:28,100 INFO uk_kb_collector DRY-RUN would store https://assets.publishing.service.gov.uk/media/642d56907de82b000c31369f/2023.03.22-PPN-04_23-Guidance-on-Procuring-Steel-in-Government-Contracts-Final.docx-Google-Docs.pdf -> C:\Users\Donny\Desktop\UK-KB-Collector\Knowledge_Base\03_Procurement_Policy_Notes\2023-04-11__UK Government__PPN 04_23 - Guidance (PDF)__v1.pdf
2026-08-26 02:00:29,367 INFO uk_kb_collector DRY-RUN would store https://assets.publishing.service.gov.uk/media/642d56b47de82b000c3136a1/2023.03.22-PPN-04_23-FAQ-on-Procuring-Steel-in-Government-Contracts-Final-Google-Docs.pdf -> C:\Users\Donny\Desktop\UK-KB-Collector\Knowledge_Base\03_Procurement_Policy_Notes\2023-04-11__UK Government__PPN 04_23 - Frequently Asked Questions (PDF)__v1.pdf
2026-08-26 02:00:30,370 INFO uk_kb_collector DRY-RUN would store https://assets.publishing.service.gov.uk/media/642d56d7fbe620000c17dd03/2023.03.22-PPN-04_23-Example-Contract-Clause-Final-Google-Docs.pdf -> C:\Users\Donny\Desktop\UK-KB-Collector\Knowledge_Base\03_Procurement_Policy_Notes\2023-04-11__UK Government__PPN 04_23 - Example Contract Clause (PDF)__v1.pdf
2026-08-26 02:00:31,453 INFO uk_kb_collector DRY-RUN would store https://assets.publishing.service.gov.uk/media/63e4dbf8e90e07626a89a28d/PPN-02_23-Tackling-Modern-Slavery-in-Government-Supply-Chains-.docx.pdf -> C:\Users\Donny\Desktop\UK-KB-Collector\Knowledge_Base\03_Procurement_Policy_Notes\2023-02-10__UK Government__PPN 02_23 - Tackling Modern Slavery in Government Supply Chains (PDF)__v1.pdf
2026-08-26 02:00:33,800 INFO uk_kb_collector DRY-RUN would store https://assets.publishing.service.gov.uk/media/65fac64eaa9b76001dfbdb93/PPN_0223_-_Tackling_Modern_Slavery_in_Government_Supply_Chains_-_Guidance.pdf -> C:\Users\Donny\Desktop\UK-KB-Collector\Knowledge_Base\03_Procurement_Policy_Notes\2023-02-10__UK Government__PPN 02_23 - Tackling Modern Slavery in Government Supply Chains - Guidance (PDF)__v1.pdf
2026-08-26 02:00:45,135 INFO uk_kb_collector DRY-RUN would store https://assets.publishing.service.gov.uk/media/63e4ddee8fa8f5050a4178b8/PPN_02_23_-_Tackling_Modern_Slavery_in_Government_Supply_Chains_-_Quick_Reference_Guide_.pdf -> C:\Users\Donny\Desktop\UK-KB-Collector\Knowledge_Base\03_Procurement_Policy_Notes\2023-02-10__UK Government__PPN 02_23 - Tackling Modern Slavery in Government Supply Chains - Quick Reference Guide (PDF)__v1.pdf
2026-08-26 02:00:46,591 INFO uk_kb_collector DRY-RUN would store https://assets.publishing.service.gov.uk/media/62f22f60e90e077f79081f2f/Procurement-Policy-Note-01_22-Contracts-with-suppliers-from-Russia-and-Belarus-LG-Update-Aug-22.docx.pdf -> C:\Users\Donny\Desktop\UK-KB-Collector\Knowledge_Base\03_Procurement_Policy_Notes\2022-03-28__UK Government__PPN 01_22_ Contracts with suppliers from Russia and Belarus__v1.pdf
2026-08-26 02:00:47,719 INFO uk_kb_collector DRY-RUN would store https://assets.publishing.service.gov.uk/media/62f22f928fa8f50f1336744f/Procurement-Policy-Note-01_22-Frequently-Asked-Questions-FAQs-Aug-22.docx.pdf -> C:\Users\Donny\Desktop\UK-KB-Collector\Knowledge_Base\03_Procurement_Policy_Notes\2022-03-28__UK Government__PPN 01_22_ Frequently asked questions__v1.pdf
2026-08-26 02:00:48,302 WARNING pypdf._reader Ignoring wrong pointing object 9 0 (offset 0)
2026-08-26 02:00:48,302 WARNING pypdf._reader Ignoring wrong pointing object 11 0 (offset 0)
2026-08-26 02:00:48,302 WARNING pypdf._reader Ignoring wrong pointing object 32 0 (offset 0)
2026-08-26 02:00:48,304 WARNING pypdf._reader Ignoring wrong pointing object 9 0 (offset 0)
2026-08-26 02:00:48,304 WARNING pypdf._reader Ignoring wrong pointing object 11 0 (offset 0)
2026-08-26 02:00:48,310 WARNING pypdf._reader Ignoring wrong pointing object 32 0 (offset 0)
2026-08-26 02:00:48,561 INFO uk_kb_collector DRY-RUN would store https://assets.publishing.service.gov.uk/media/61bc7451d3bf7f05570654ba/Procurement_Policy_Note_10_21_-_New_Thresholds_Values_and_Inclusion_of_VAT_in_Contract_Estimates.pdf -> C:\Users\Donny\Desktop\UK-KB-Collector\Knowledge_Base\03_Procurement_Policy_Notes\2021-12-06__UK Government__Procurement Policy Note 10_21 – Thresholds and Inclusion of VAT__v1.pdf
2026-08-26 02:00:50,028 INFO uk_kb_collector DRY-RUN would store https://www.gov.uk/government/uploads/system/uploads/attachment_data/file/35925/dsd_govt_awareness_guide.pdf -> C:\Users\Donny\Desktop\UK-KB-Collector\Knowledge_Base\04_NPPS_and_Government_Policy\2015-10-01__UK Government__Defence and Security Public Contracts Regulations ( DSPCR ) 2011__v1.pdf
2026-08-26 02:00:50,568 INFO uk_kb_collector DRY-RUN would store http://www.legislation.gov.uk/uksi/2016/274/pdfs/uksi_20160274_en.pdf -> C:\Users\Donny\Desktop\UK-KB-Collector\Knowledge_Base\04_NPPS_and_Government_Policy\2015-10-01__UK Government__Utilities Contracts Regulations 2016__v1.pdf
2026-08-26 02:00:52,285 INFO uk_kb_collector DRY-RUN would store http://www.legislation.gov.uk/uksi/2016/273/pdfs/uksi_20160273_en.pdf -> C:\Users\Donny\Desktop\UK-KB-Collector\Knowledge_Base\04_NPPS_and_Government_Policy\2015-10-01__Cabinet Office__Concession Contracts Regulations__v1.pdf
2026-08-26 02:00:52,952 INFO uk_kb_collector DRY-RUN would store https://assets.publishing.service.gov.uk/media/6012b71de90e076265e4d987/Annex_C_Exclusion_Grounds.pdf -> C:\Users\Donny\Desktop\UK-KB-Collector\Knowledge_Base\04_NPPS_and_Government_Policy\2015-10-01__UK Government__list of mandatory and discretionary exclusions__v1.pdf
2026-08-26 02:00:54,660 WARNING pypdf._reader Ignoring wrong pointing object 8 0 (offset 0)
2026-08-26 02:00:54,662 WARNING pypdf._reader Ignoring wrong pointing object 244 0 (offset 0)
2026-08-26 02:00:54,666 WARNING pypdf._reader Ignoring wrong pointing object 8 0 (offset 0)
2026-08-26 02:00:54,668 WARNING pypdf._reader Ignoring wrong pointing object 244 0 (offset 0)
2026-08-26 02:00:54,790 INFO uk_kb_collector DRY-RUN would store https://assets.publishing.service.gov.uk/media/5ab8f040e5274a1aa2d41717/Contracts_Finder_public_sector_contractors_user_guide_v_2.0.pdf -> C:\Users\Donny\Desktop\UK-KB-Collector\Knowledge_Base\04_NPPS_and_Government_Policy\2015-10-01__UK Government__Contracts Finder User Guide v2__v1.pdf
2026-08-26 02:00:55,581 WARNING pypdf._reader Ignoring wrong pointing object 8 0 (offset 0)
2026-08-26 02:00:55,581 WARNING pypdf._reader Ignoring wrong pointing object 23 0 (offset 0)
2026-08-26 02:00:55,582 WARNING pypdf._reader Ignoring wrong pointing object 8 0 (offset 0)
2026-08-26 02:00:55,583 WARNING pypdf._reader Ignoring wrong pointing object 23 0 (offset 0)
2026-08-26 02:00:55,819 INFO uk_kb_collector DRY-RUN would store https://assets.publishing.service.gov.uk/media/5a822b9ce5274a2e87dc1832/PPN_0417_New_Thresholds_2018__1_.pdf -> C:\Users\Donny\Desktop\UK-KB-Collector\Knowledge_Base\04_NPPS_and_Government_Policy\2017-12-22__UK Government__Procurement Policy Note 04_17_ New Threshold Levels 2018__v1.pdf
2026-08-26 02:00:58,185 INFO uk_kb_collector DRY-RUN would store https://assets.publishing.service.gov.uk/media/5a80195ee5274a2e8ab4e2d6/Brief_Guide_to_the_2014_Directives_Oct_16.pdf -> C:\Users\Donny\Desktop\UK-KB-Collector\Knowledge_Base\04_NPPS_and_Government_Policy\2014-02-05__UK Government__Brief guide to the EU Public Contracts Directive (2014)__v1.pdf
2026-08-26 02:00:58,646 WARNING pypdf._reader Ignoring wrong pointing object 8 0 (offset 0)
2026-08-26 02:00:58,647 WARNING pypdf._reader Ignoring wrong pointing object 27 0 (offset 0)
2026-08-26 02:00:58,648 WARNING pypdf._reader Ignoring wrong pointing object 29 0 (offset 0)
2026-08-26 02:00:58,649 WARNING pypdf._reader Ignoring wrong pointing object 8 0 (offset 0)
2026-08-26 02:00:58,650 WARNING pypdf._reader Ignoring wrong pointing object 27 0 (offset 0)
2026-08-26 02:00:58,650 WARNING pypdf._reader Ignoring wrong pointing object 29 0 (offset 0)
2026-08-26 02:00:58,912 INFO uk_kb_collector DRY-RUN would store https://assets.publishing.service.gov.uk/media/5a7f6aa0ed915d74e33f64bf/20160607_Handbook_for_the_Concession_Contracts_Regulations_2016_final.pdf -> C:\Users\Donny\Desktop\UK-KB-Collector\Knowledge_Base\04_NPPS_and_Government_Policy\2014-02-05__UK Government__Brief guide to the EU Concession Contracts Regulations 2016__v1.pdf
2026-08-26 02:01:00,448 INFO uk_kb_collector DRY-RUN would store https://assets.publishing.service.gov.uk/media/5a80139f40f0b623026915e2/20152103_Guidance_on_Completion_of_Forms_and_Notices_Pre_SIMAP.pdf -> C:\Users\Donny\Desktop\UK-KB-Collector\Knowledge_Base\04_NPPS_and_Government_Policy\2014-02-05__UK Government__Guidance for completion of Public Procurement Regulations 2015 forms and notices in the transition period before SIMAP forms are available__v1.pdf
2026-08-26 02:01:01,959 INFO uk_kb_collector DRY-RUN would store https://assets.publishing.service.gov.uk/media/5a8167cced915d74e33fe07b/Guidance_on_Light_Touch_Regime_-_Oct_16.pdf -> C:\Users\Donny\Desktop\UK-KB-Collector\Knowledge_Base\04_NPPS_and_Government_Policy\2014-02-05__UK Government__Public Contracts Regulations 2015_ guidance on the new light touch regime for health, social education and certain other service contracts__v1.pdf
2026-08-26 02:01:03,567 INFO uk_kb_collector DRY-RUN would store https://assets.publishing.service.gov.uk/media/5a756405ed915d6faf2b29d8/Guidance_on_Amendments_to_Contracts_-_Oct_16.pdf -> C:\Users\Donny\Desktop\UK-KB-Collector\Knowledge_Base\04_NPPS_and_Government_Policy\2014-02-05__UK Government__Guidance on amendments to contracts during their term__v1.pdf
2026-08-26 02:01:04,924 INFO uk_kb_collector DRY-RUN would store https://assets.publishing.service.gov.uk/media/5a74a6ff40f0b619c8659562/Guidance_on_Awarding_Contracts_-_Oct_16.pdf -> C:\Users\Donny\Desktop\UK-KB-Collector\Knowledge_Base\04_NPPS_and_Government_Policy\2014-02-05__UK Government__Guidance on awarding contracts__v1.pdf
2026-08-26 02:01:06,530 INFO uk_kb_collector DRY-RUN would store https://assets.publishing.service.gov.uk/media/5a80275e40f0b62305b897f0/Guidance_on_Dynamic_Purchasing_System_-_Oct_16.pdf -> C:\Users\Donny\Desktop\UK-KB-Collector\Knowledge_Base\04_NPPS_and_Government_Policy\2014-02-05__UK Government__Dynamic Purchasing System guidance__v1.pdf
2026-08-26 02:01:08,318 INFO uk_kb_collector DRY-RUN would store https://assets.publishing.service.gov.uk/media/5a7f8f6eed915d74e622b349/Guidance_on_Standstill_-_Oct_16.pdf -> C:\Users\Donny\Desktop\UK-KB-Collector\Knowledge_Base\04_NPPS_and_Government_Policy\2014-02-05__UK Government__Guidance on the standstill period__v1.pdf
2026-08-26 02:01:09,417 INFO uk_kb_collector DRY-RUN would store https://assets.publishing.service.gov.uk/media/5a7f4bb8ed915d74e33f58de/Guidance_on_Frameworks_-_Oct_16.pdf -> C:\Users\Donny\Desktop\UK-KB-Collector\Knowledge_Base\04_NPPS_and_Government_Policy\2014-02-05__UK Government__Guidance on framework agreements__v1.pdf
2026-08-26 02:01:10,944 INFO uk_kb_collector DRY-RUN would store https://assets.publishing.service.gov.uk/media/5a7f452c40f0b6230268e7ad/Guidance_on_Changes_to_Procedures_-_Oct_16.pdf -> C:\Users\Donny\Desktop\UK-KB-Collector\Knowledge_Base\04_NPPS_and_Government_Policy\2014-02-05__UK Government__Guidance on changes to procedures__v1.pdf
2026-08-26 02:01:12,519 INFO uk_kb_collector DRY-RUN would store https://assets.publishing.service.gov.uk/media/5a81b1e8ed915d74e33ff984/Guidance_on_on_Provisions_that_Support_Access_for_Small_Businesses_-_Oct_16.pdf -> C:\Users\Donny\Desktop\UK-KB-Collector\Knowledge_Base\04_NPPS_and_Government_Policy\2014-02-05__Cabinet Office__Guidance on provisions that support market access for small businesses__v1.pdf
2026-08-26 02:01:14,041 INFO uk_kb_collector DRY-RUN would store https://assets.publishing.service.gov.uk/media/5a8061d3e5274a2e87db97da/Guidance_on_Subcontracting_-_Oct_16.pdf -> C:\Users\Donny\Desktop\UK-KB-Collector\Knowledge_Base\04_NPPS_and_Government_Policy\2014-02-05__UK Government__Guidance on the subcontracting provisions__v1.pdf
2026-08-26 02:01:15,503 INFO uk_kb_collector DRY-RUN would store https://assets.publishing.service.gov.uk/media/5a7f46e0e5274a2e87db4df8/Guidance_on_transparency_requirements_for_Contracts_Finder.pdf -> C:\Users\Donny\Desktop\UK-KB-Collector\Knowledge_Base\04_NPPS_and_Government_Policy\2014-02-05__UK Government__Transparency requirements for publishing on Contracts Finder__v1.pdf
2026-08-26 02:01:17,097 INFO uk_kb_collector DRY-RUN would store https://assets.publishing.service.gov.uk/media/5a802d4ced915d74e622cecd/Revisedstatutoryguidance26Sept.docx.pdf -> C:\Users\Donny\Desktop\UK-KB-Collector\Knowledge_Base\04_NPPS_and_Government_Policy\2014-02-05__UK Government__Paying invoices in 30 days down the supply chain__v1.pdf
2026-08-26 02:01:18,616 INFO uk_kb_collector DRY-RUN would store https://assets.publishing.service.gov.uk/media/5a755bfd40f0b6397f35dd0d/PPN_8_16_StandardSQ_Template_v3.pdf -> C:\Users\Donny\Desktop\UK-KB-Collector\Knowledge_Base\04_NPPS_and_Government_Policy\2014-02-05__UK Government__Selection questionnaire guidance__v1.pdf
2026-08-26 02:01:19,863 INFO uk_kb_collector DRY-RUN would store https://assets.publishing.service.gov.uk/media/5a80c8fde5274a2e8ab52273/Guidance_on_Public_to_Public_Procurement_-_Oct_16.pdf -> C:\Users\Donny\Desktop\UK-KB-Collector\Knowledge_Base\04_NPPS_and_Government_Policy\2014-02-05__UK Government__Public to public procurement guidance__v1.pdf
2026-08-26 02:01:21,521 INFO uk_kb_collector DRY-RUN would store https://assets.publishing.service.gov.uk/media/5a80de5340f0b62302695f51/Guidance_on_E-Procurement_and_E-Communications_-_Oct_16.pdf -> C:\Users\Donny\Desktop\UK-KB-Collector\Knowledge_Base\04_NPPS_and_Government_Policy\2014-02-05__UK Government__Electronic procurement and communication guidance__v1.pdf
2026-08-26 02:01:23,310 INFO uk_kb_collector DRY-RUN would store https://assets.publishing.service.gov.uk/media/5a7f2fb4e5274a2e8ab4aa60/20160912socialenvironmentalguidancefinal.pdf -> C:\Users\Donny\Desktop\UK-KB-Collector\Knowledge_Base\04_NPPS_and_Government_Policy\2014-02-05__UK Government__Social and environmental guidance__v1.pdf
2026-08-26 02:01:25,456 INFO uk_kb_collector DRY-RUN would store https://assets.publishing.service.gov.uk/media/5a74e7aae5274a59fa715e06/Utilities_Slideset_Final.pdf -> C:\Users\Donny\Desktop\UK-KB-Collector\Knowledge_Base\04_NPPS_and_Government_Policy\2014-02-05__Cabinet Office__Reform of the EU procurement rules – utilities sector_ slideset__v1.pdf
2026-08-26 02:01:25,765 INFO uk_kb_collector DRY-RUN would store https://assets.publishing.service.gov.uk/media/5a80492340f0b623026929b9/PPN_1815_New_Thresholds_2016.pdf -> C:\Users\Donny\Desktop\UK-KB-Collector\Knowledge_Base\04_NPPS_and_Government_Policy\2015-12-10__UK Government__Procurement Policy Note_ new threshold levels 2016__v1.pdf
2026-08-26 02:01:27,280 INFO uk_kb_collector DRY-RUN would store https://assets.publishing.service.gov.uk/media/5a749baee5274a410efd0f85/Procurement-Policy-Note-Concession-Contracts-Threshold.pdf -> C:\Users\Donny\Desktop\UK-KB-Collector\Knowledge_Base\04_NPPS_and_Government_Policy\2016-05-17__UK Government__Procurement Policy Note_ Concession Contracts Threshold__v1.pdf
2026-08-26 02:01:29,753 INFO uk_kb_collector DRY-RUN would store https://assets.publishing.service.gov.uk/media/60d31a6e8fa8f57cef61fd20/Withdrawn_Procurement_Policy_Note_0716__Legal_requirement_to_publish_on_Contracts_Finder__1_.pdf -> C:\Users\Donny\Desktop\UK-KB-Collector\Knowledge_Base\04_NPPS_and_Government_Policy\2016-07-19__UK Government__[Withdrawn] Procurement Policy Note 07_16_ Legal requirement to publish on Contracts Finder__v1.pdf
2026-08-26 02:01:30,519 INFO uk_kb_collector DRY-RUN would store https://www.gov.uk/government/uploads/system/uploads/attachment_data/file/524351/Guidance_on_transparency_requirements_for_Contracts_Finder.pdf -> C:\Users\Donny\Desktop\UK-KB-Collector\Knowledge_Base\04_NPPS_and_Government_Policy\2016-07-19__UK Government__guidance__v1.pdf
2026-08-26 02:01:31,081 INFO uk_kb_collector DRY-RUN would store https://assets.publishing.service.gov.uk/media/5a7d749d40f0b64fe6c23d1f/PPN_07-14_implementing_article_6_of_the_energy_efficiency_directive.pdf -> C:\Users\Donny\Desktop\UK-KB-Collector\Knowledge_Base\04_NPPS_and_Government_Policy\2014-06-03__Cabinet Office__Procurement Policy Note – Implementing Article 6 of the Energy Efficiency Directive__v1.pdf
2026-08-26 02:01:32,878 INFO uk_kb_collector DRY-RUN would store https://assets.publishing.service.gov.uk/media/69e0b17861d2e8e9b9e42e13/Managing_Public_Money_-_April_2026.pdf -> C:\Users\Donny\Desktop\UK-KB-Collector\Knowledge_Base\04_NPPS_and_Government_Policy\2012-05-14__UK Government__Managing Public Money__v1.pdf
2026-08-26 02:01:34,832 INFO uk_kb_collector DRY-RUN would store https://assets.publishing.service.gov.uk/media/69e0b1be20b52e41448688cc/Delegated_Authority_Guidance_-_expenditure_categories_subject_to_specific_controls_-_April_2026.pdf -> C:\Users\Donny\Desktop\UK-KB-Collector\Knowledge_Base\04_NPPS_and_Government_Policy\2012-05-14__UK Government__Delegated Authority Guidance_ Expenditure categories subject to specific controls__v1.pdf
2026-08-26 02:01:35,929 INFO uk_kb_collector DRY-RUN would store https://assets.publishing.service.gov.uk/media/698dbcd17da91680ad7f4308/The_Green_Book_2026.pdf -> C:\Users\Donny\Desktop\UK-KB-Collector\Knowledge_Base\04_NPPS_and_Government_Policy\2013-04-18__UK Government__The Green Book (2026)__v1.pdf
2026-08-26 02:01:37,300 INFO uk_kb_collector DRY-RUN would store https://assets.publishing.service.gov.uk/media/5a819382e5274a2e87dbe5e3/PPN_12_15.pdf -> C:\Users\Donny\Desktop\UK-KB-Collector\Knowledge_Base\04_NPPS_and_Government_Policy\2015-07-30__UK Government__Procurement Policy Note_ Availability of Procurement Procedures (Decision Tree)__v1.pdf
2026-08-26 02:01:38,827 INFO uk_kb_collector DRY-RUN would store https://assets.publishing.service.gov.uk/media/5a7989a9e5274a3864fd7cd9/PPN-Procurement-Supporting-Growth.pdf -> C:\Users\Donny\Desktop\UK-KB-Collector\Knowledge_Base\04_NPPS_and_Government_Policy\2012-05-09__Cabinet Office__Procurement policy note_ procurement supporting growth__v1.pdf
2026-08-26 02:01:40,418 INFO uk_kb_collector DRY-RUN would store https://assets.publishing.service.gov.uk/media/60d471f68fa8f57ce58cea65/withdrawn_PPN_0711_Guidance_on_Transparency.pdf -> C:\Users\Donny\Desktop\UK-KB-Collector\Knowledge_Base\04_NPPS_and_Government_Policy\2011-10-03__Cabinet Office__[Withdrawn] Procurement policy note_ updated guidance on transparency__v1.pdf
2026-08-26 02:01:41,762 INFO uk_kb_collector DRY-RUN would store https://assets.publishing.service.gov.uk/media/5a74be17e5274a3f93b48726/PPN_8_16_StandardSQ_Template_v3.pdf -> C:\Users\Donny\Desktop\UK-KB-Collector\Knowledge_Base\04_NPPS_and_Government_Policy\2016-09-26__UK Government__Procurement Policy Note_ Standard Selection Questionnaire (SQ)__v1.pdf
2026-08-26 02:01:43,458 INFO uk_kb_collector DRY-RUN would store https://assets.publishing.service.gov.uk/media/5a807c70ed915d74e33fab47/PPN04-15_Supplier_Past_Performance_.pdf -> C:\Users\Donny\Desktop\UK-KB-Collector\Knowledge_Base\04_NPPS_and_Government_Policy\2015-03-25__UK Government__Procurement Policy Note_ taking account of suppliers’ past performance__v1.pdf
2026-08-26 02:01:44,560 INFO uk_kb_collector DRY-RUN would store https://assets.publishing.service.gov.uk/media/5a7ca3a5e5274a2f304ef238/PPN_New_Model_Services_Contract_3_march_2014.pdf -> C:\Users\Donny\Desktop\UK-KB-Collector\Knowledge_Base\04_NPPS_and_Government_Policy\2014-03-03__UK Government__Procurement Policy Note – Contracting for Value - Model Services Contract__v1.pdf
2026-08-26 02:01:45,876 INFO uk_kb_collector DRY-RUN would store https://assets.publishing.service.gov.uk/media/5a7d9da0ed915d497af7079a/PPN_06_14_Short_form_terms_and_conditions_for_goods_and_services.pdf -> C:\Users\Donny\Desktop\UK-KB-Collector\Knowledge_Base\04_NPPS_and_Government_Policy\2014-04-08__UK Government__Procurement policy note_ short form terms and conditions for goods and services__v1.pdf
2026-08-26 02:01:47,605 INFO uk_kb_collector DRY-RUN would store https://assets.publishing.service.gov.uk/media/5a814a65e5274a2e8ab532bf/PPN_05-15_Prompt_Payment_Policy_and_Reporting_of_Performance.pdf -> C:\Users\Donny\Desktop\UK-KB-Collector\Knowledge_Base\04_NPPS_and_Government_Policy\2015-03-27__UK Government__Procurement Policy Note 05_15_ prompt payment policy and reporting of performance__v1.pdf
2026-08-26 02:01:49,114 INFO uk_kb_collector DRY-RUN would store https://assets.publishing.service.gov.uk/media/5a80c89c40f0b62305b8d210/PPN_e-invoicing.pdf -> C:\Users\Donny\Desktop\UK-KB-Collector\Knowledge_Base\04_NPPS_and_Government_Policy\2015-06-22__UK Government__Procurement policy note 11_15_ acceptance of unstructured electronic invoices by central government authorities__v1.pdf
2026-08-26 02:01:50,626 INFO uk_kb_collector DRY-RUN would store https://assets.publishing.service.gov.uk/media/5a81a6bfe5274a2e87dbec63/27_08_15_Skills__Apprenticeships_PPN_vfinal.pdf -> C:\Users\Donny\Desktop\UK-KB-Collector\Knowledge_Base\04_NPPS_and_Government_Policy\2015-08-27__UK Government__Procurement Policy Note_ supporting apprenticeships and skills through public procurement__v1.pdf
2026-08-26 02:01:51,882 WARNING pypdf._reader Ignoring wrong pointing object 8 0 (offset 0)
2026-08-26 02:01:51,883 WARNING pypdf._reader Ignoring wrong pointing object 12 0 (offset 0)
2026-08-26 02:01:51,886 WARNING pypdf._reader Ignoring wrong pointing object 8 0 (offset 0)
2026-08-26 02:01:51,887 WARNING pypdf._reader Ignoring wrong pointing object 12 0 (offset 0)
2026-08-26 02:01:52,227 INFO uk_kb_collector DRY-RUN would store https://assets.publishing.service.gov.uk/media/5a759d3fed915d6faf2b459a/PPN_16-15_Procuring_steel_in_major_projects.pdf -> C:\Users\Donny\Desktop\UK-KB-Collector\Knowledge_Base\04_NPPS_and_Government_Policy\2015-11-03__UK Government__Procurement Policy Note_ procuring steel in major projects__v1.pdf
2026-08-26 02:01:54,838 WARNING pypdf._reader Ignoring wrong pointing object 10 0 (offset 0)
2026-08-26 02:01:54,841 WARNING pypdf._reader Ignoring wrong pointing object 22 0 (offset 0)
2026-08-26 02:01:54,848 WARNING pypdf._reader Ignoring wrong pointing object 10 0 (offset 0)
2026-08-26 02:01:54,848 WARNING pypdf._reader Ignoring wrong pointing object 22 0 (offset 0)
2026-08-26 02:01:55,318 INFO uk_kb_collector DRY-RUN would store https://assets.publishing.service.gov.uk/media/5a755a16ed915d7314959494/Social_guidance_supporting_PPN1615_.pdf -> C:\Users\Donny\Desktop\UK-KB-Collector\Knowledge_Base\04_NPPS_and_Government_Policy\2015-11-03__UK Government__Steel procurement in major projects_ guidance on the application of social issues__v1.pdf
2026-08-26 02:01:55,940 INFO uk_kb_collector DRY-RUN would store https://assets.publishing.service.gov.uk/media/63c531ecd3bf7f58008fbb44/2023-01-04-Procurement-Policy-Note-_-update-to-legal-and-policy-requirements-to-publish-procurement-information-on-Contracts-Finder.pdf -> C:\Users\Donny\Desktop\UK-KB-Collector\Knowledge_Base\04_NPPS_and_Government_Policy\2023-01-18__UK Government__Procurement Policy Note – update to legal and policy requirements to publish procurement information on Contracts Finder (PDF)__v1.pdf
2026-08-26 02:01:57,270 WARNING pypdf._reader Ignoring wrong pointing object 6 0 (offset 0)
2026-08-26 02:01:57,277 WARNING pypdf._reader Ignoring wrong pointing object 16 0 (offset 0)
2026-08-26 02:01:57,283 WARNING pypdf._reader Ignoring wrong pointing object 18 0 (offset 0)
2026-08-26 02:01:57,302 WARNING pypdf._reader Ignoring wrong pointing object 29 0 (offset 0)
2026-08-26 02:01:57,313 WARNING pypdf._reader Ignoring wrong pointing object 31 0 (offset 0)
2026-08-26 02:01:57,314 WARNING pypdf._reader Ignoring wrong pointing object 33 0 (offset 0)
2026-08-26 02:01:57,315 WARNING pypdf._reader Ignoring wrong pointing object 35 0 (offset 0)
2026-08-26 02:01:57,315 WARNING pypdf._reader Ignoring wrong pointing object 59 0 (offset 0)
2026-08-26 02:01:57,327 WARNING pypdf._reader Ignoring wrong pointing object 73 0 (offset 0)
2026-08-26 02:01:57,328 WARNING pypdf._reader Ignoring wrong pointing object 75 0 (offset 0)
2026-08-26 02:01:57,344 WARNING pypdf._reader Ignoring wrong pointing object 6 0 (offset 0)
2026-08-26 02:01:57,359 WARNING pypdf._reader Ignoring wrong pointing object 16 0 (offset 0)
2026-08-26 02:01:57,379 WARNING pypdf._reader Ignoring wrong pointing object 18 0 (offset 0)
2026-08-26 02:01:57,382 WARNING pypdf._reader Ignoring wrong pointing object 29 0 (offset 0)
2026-08-26 02:01:57,383 WARNING pypdf._reader Ignoring wrong pointing object 31 0 (offset 0)
2026-08-26 02:01:57,383 WARNING pypdf._reader Ignoring wrong pointing object 33 0 (offset 0)
2026-08-26 02:01:57,383 WARNING pypdf._reader Ignoring wrong pointing object 35 0 (offset 0)
2026-08-26 02:01:57,384 WARNING pypdf._reader Ignoring wrong pointing object 59 0 (offset 0)
2026-08-26 02:01:57,384 WARNING pypdf._reader Ignoring wrong pointing object 73 0 (offset 0)
2026-08-26 02:01:57,384 WARNING pypdf._reader Ignoring wrong pointing object 75 0 (offset 0)
2026-08-26 02:01:58,142 INFO uk_kb_collector DRY-RUN would store https://assets.publishing.service.gov.uk/media/63c6845ee90e074ede1f3599/2023-01-04_Guidance_on_transparency_requirements_for_publishing_on_Contracts_Finder-_v0.2_HG.pdf -> C:\Users\Donny\Desktop\UK-KB-Collector\Knowledge_Base\04_NPPS_and_Government_Policy\2023-01-18__UK Government__Guidance on the Transparency Requirements for Publishing on Contracts Finder (PDF)__v1.pdf
2026-08-26 02:01:59,594 INFO uk_kb_collector DRY-RUN would store https://assets.publishing.service.gov.uk/media/60d49514d3bf7f7c2f6d7b06/PPN_01_17_-_Update_to_Transparency_Principles_v1.1.pdf -> C:\Users\Donny\Desktop\UK-KB-Collector\Knowledge_Base\04_NPPS_and_Government_Policy\2017-02-16__UK Government__PPN 01_17 - Update to transparency principles V1.1__v1.pdf
2026-08-26 02:02:01,044 INFO uk_kb_collector DRY-RUN would store https://assets.publishing.service.gov.uk/media/64240bf32fa8480013ec0e60/2023-03-27_Transparency_Principles_-final.pdf -> C:\Users\Donny\Desktop\UK-KB-Collector\Knowledge_Base\04_NPPS_and_Government_Policy\2017-02-16__UK Government__The Transparency of Suppliers and Government to the Public (PDF)__v1.pdf
2026-08-26 02:02:02,829 INFO uk_kb_collector DRY-RUN would store https://assets.publishing.service.gov.uk/media/5e259b1840f0b62c54df7fba/Contracts_Finder_handout.pdf -> C:\Users\Donny\Desktop\UK-KB-Collector\Knowledge_Base\04_NPPS_and_Government_Policy\2011-03-01__UK Government__Contracts Finder__v1.pdf
2026-08-26 02:02:03,983 INFO uk_kb_collector DRY-RUN would store https://assets.publishing.service.gov.uk/media/60d337818fa8f57cf3f0b400/Withdrawn_Guidance_Publication_of_New_Central_Government_Tender_documents__and_Contracts_2017__1___1_.pdf -> C:\Users\Donny\Desktop\UK-KB-Collector\Knowledge_Base\04_NPPS_and_Government_Policy\2011-03-01__Cabinet Office__[Withdrawn ]Publication of Central Government Tenders and Contracts__v1.pdf
2026-08-26 02:02:05,227 INFO uk_kb_collector DRY-RUN would store https://assets.publishing.service.gov.uk/media/60d337c28fa8f57ce8c46313/withdrawn_Suppliers_-_FAQs__1_.pdf -> C:\Users\Donny\Desktop\UK-KB-Collector\Knowledge_Base\04_NPPS_and_Government_Policy\2011-03-01__Cabinet Office__[Withdrawn] Suppliers frequently asked questions__v1.pdf
2026-08-26 02:02:08,382 INFO uk_kb_collector DRY-RUN would store https://assets.publishing.service.gov.uk/media/5e99b67dd3bf7f0318cff3b8/Guide-to-Open-Contracting-Data-Standard-implementation-on-Contracts-Finder-V.2.1.pdf -> C:\Users\Donny\Desktop\UK-KB-Collector\Knowledge_Base\04_NPPS_and_Government_Policy\2016-12-01__UK Government__CCS Contracts Finder Open Contracting Data Standard publication guide__v1.pdf
2026-08-26 02:02:10,226 INFO uk_kb_collector DRY-RUN would store https://assets.publishing.service.gov.uk/media/5a82d676ed915d74e3403d2b/UK_Open_Contracting-_National_Action_Plan_Updates_-_Digest_November_2017.pdf -> C:\Users\Donny\Desktop\UK-KB-Collector\Knowledge_Base\04_NPPS_and_Government_Policy\2016-12-01__UK Government__UK Open Contracting National Action Plan updates__v1.pdf
2026-08-26 02:02:11,898 INFO uk_kb_collector DRY-RUN would store https://assets.publishing.service.gov.uk/media/5b1fd595e5274a18ee6097f3/MEL_framework_and_progress_summary_for_UK_Showcase___Learning_Project-__June_2018.pdf -> C:\Users\Donny\Desktop\UK-KB-Collector\Knowledge_Base\04_NPPS_and_Government_Policy\2016-12-01__UK Government__MEL framework and progress summary for UK Showcase & Learning Project- June 2018__v1.pdf
2026-08-26 02:02:13,119 INFO uk_kb_collector DRY-RUN would store https://www.gov.uk/government/uploads/system/uploads/attachment_data/file/715715/MEL_framework_and_progress_summary_for_UK_Showcase___Learning_Project-__June_2018.pdf -> C:\Users\Donny\Desktop\UK-KB-Collector\Knowledge_Base\04_NPPS_and_Government_Policy\2016-12-01__UK Government__Measurement, Evaluation and Learning Framework__v1.pdf
2026-08-26 02:02:14,358 INFO uk_kb_collector DRY-RUN would store https://assets.publishing.service.gov.uk/government/uploads/system/uploads/attachment_data/file/664076/UK_Open_Contracting-_National_Action_Plan_Updates_-_Digest_November_2017.pdf -> C:\Users\Donny\Desktop\UK-KB-Collector\Knowledge_Base\04_NPPS_and_Government_Policy\2016-12-01__UK Government__online__v1.pdf
2026-08-26 02:02:15,416 INFO uk_kb_collector DRY-RUN would store https://assets.publishing.service.gov.uk/media/5a80b867ed915d74e33fc064/PPN_08-15_Tax_arrangements_for_public_appointees.pdf -> C:\Users\Donny\Desktop\UK-KB-Collector\Knowledge_Base\04_NPPS_and_Government_Policy\2015-03-27__UK Government__Procurement Policy Note 08_15_ tax arrangements of public appointees__v1.pdf
2026-08-26 02:02:16,531 INFO uk_kb_collector DRY-RUN would store https://assets.publishing.service.gov.uk/media/5a7cfc02ed915d321c2de1d6/PPN_10-14_The_Plan_for_Public_Procurement_of_Food_and_Catering_Services.pdf -> C:\Users\Donny\Desktop\UK-KB-Collector\Knowledge_Base\04_NPPS_and_Government_Policy\2014-11-13__Cabinet Office__Procurement Policy Note – the Plan for Public Procurement of Food and Catering Services__v1.pdf
2026-08-26 02:02:18,350 INFO uk_kb_collector DRY-RUN would store https://assets.publishing.service.gov.uk/media/611be5d08fa8f53dc4eb310f/gbsf-nutritional-standards-technical-guidance.pdf -> C:\Users\Donny\Desktop\UK-KB-Collector\Knowledge_Base\04_NPPS_and_Government_Policy\2014-07-01__UK Government__Nutrition standards_ technical guidance__v1.pdf
2026-08-26 02:02:19,600 INFO uk_kb_collector DRY-RUN would store https://assets.publishing.service.gov.uk/media/5a7d9965e5274a6b89a51050/Annex_to_GBS_for_food_and_catering_UK_standards_of_production.pdf -> C:\Users\Donny\Desktop\UK-KB-Collector\Knowledge_Base\04_NPPS_and_Government_Policy\2014-07-01__UK Government__Annex to GBS for food and catering services__v1.pdf
2026-08-26 02:02:21,146 INFO uk_kb_collector DRY-RUN would store https://assets.publishing.service.gov.uk/media/5a79adc1ed915d07d35b74ca/PPN-Guidance-on-ICT-Contracts-less-than-100m-new.pdf -> C:\Users\Donny\Desktop\UK-KB-Collector\Knowledge_Base\04_NPPS_and_Government_Policy\2012-03-30__Cabinet Office__Procurement policy note 02_12_ guidance on ICT contracts over £100m__v1.pdf
2026-08-26 02:02:22,536 INFO uk_kb_collector DRY-RUN would store https://assets.publishing.service.gov.uk/media/5a8165e9e5274a2e87dbd698/PPN_07-15_Open_standards_when_specifying_technology_requirements.pdf -> C:\Users\Donny\Desktop\UK-KB-Collector\Knowledge_Base\04_NPPS_and_Government_Policy\2015-03-27__UK Government__Procurement Policy Note 07_15_ open standards when specifying technology requirements__v1.pdf
2026-08-26 02:02:24,632 INFO uk_kb_collector DRY-RUN would store https://assets.publishing.service.gov.uk/media/5a7eb38a40f0b62305b829f3/PPN_01-15_Implementing_Article_6_of_the_Energy_Efficiency_Directive_-_further_information.pdf -> C:\Users\Donny\Desktop\UK-KB-Collector\Knowledge_Base\04_NPPS_and_Government_Policy\2015-01-19__UK Government__Procurement Policy Note – Implementing Article 6 of the Energy Efficiency Directive_ further information__v1.pdf
2026-08-26 02:02:25,687 INFO uk_kb_collector DRY-RUN would store https://www.gov.uk/government/uploads/system/uploads/attachment_data/file/416421/Transparency_of_suppliers_and_government_to_the_public.pdf -> C:\Users\Donny\Desktop\UK-KB-Collector\Knowledge_Base\04_NPPS_and_Government_Policy\undated__UK Government__PPN 13_15 (pdf, 129 kb)__v1.pdf
2026-08-26 02:02:26,584 INFO uk_kb_collector DRY-RUN would store https://assets.publishing.service.gov.uk/media/5a80f40bed915d74e6231618/UK_Open_Government_National_Action_Plan_2016-18.pdf -> C:\Users\Donny\Desktop\UK-KB-Collector\Knowledge_Base\04_NPPS_and_Government_Policy\2016-05-12__Cabinet Office__UK Open Government National Action Plan 2016-18__v1.pdf
2026-08-26 02:02:27,635 INFO uk_kb_collector DRY-RUN would store https://assets.publishing.service.gov.uk/media/69ccf0a29b2e6e135502d024/New_legislative_requirements_under_the_Procurement_Act_2023_v4.pdf -> C:\Users\Donny\Desktop\UK-KB-Collector\Knowledge_Base\04_NPPS_and_Government_Policy\2023-11-13__UK Government__New legislative requirements under the Procurement Act 2023 (PDF)__v1.pdf
2026-08-26 02:02:29,332 INFO uk_kb_collector DRY-RUN would store https://assets.publishing.service.gov.uk/media/6740a8f196a57393a00b201c/ProcurementAct2023_guide_for_senior_leaders_v6.pdf -> C:\Users\Donny\Desktop\UK-KB-Collector\Knowledge_Base\04_NPPS_and_Government_Policy\2023-11-13__UK Government__The Procurement Act 2023_ A short guide for senior leaders (PDF)__v1.pdf
2026-08-26 02:02:31,130 INFO uk_kb_collector DRY-RUN would store https://assets.publishing.service.gov.uk/media/67b5f15ebd116e3d7b1cf2d4/20250224_Act_Now_A_guide_for_suppliers_A4_v2.0_FINAL.pdf -> C:\Users\Donny\Desktop\UK-KB-Collector\Knowledge_Base\04_NPPS_and_Government_Policy\2023-11-13__Cabinet Office__The Procurement Act 2023_ A short guide for suppliers (PDF)__v1.pdf
2026-08-26 02:02:48,110 INFO uk_kb_collector DRY-RUN would store https://assets.publishing.service.gov.uk/media/67bdf4e489b4a58925ac6d53/20250224_Act_Now__Find_a_Tender_Factsheet_v3.0_FINAL.pdf -> C:\Users\Donny\Desktop\UK-KB-Collector\Knowledge_Base\04_NPPS_and_Government_Policy\2023-11-13__UK Government__Central Digital Platform - factsheet (PDF)__v1.pdf
2026-08-26 02:02:49,413 WARNING pypdf._reader Ignoring wrong pointing object 7 0 (offset 0)
2026-08-26 02:02:49,414 WARNING pypdf._reader Ignoring wrong pointing object 9 0 (offset 0)
2026-08-26 02:02:49,415 WARNING pypdf._reader Ignoring wrong pointing object 11 0 (offset 0)
2026-08-26 02:02:49,415 WARNING pypdf._reader Ignoring wrong pointing object 13 0 (offset 0)
2026-08-26 02:02:49,415 WARNING pypdf._reader Ignoring wrong pointing object 21 0 (offset 0)
2026-08-26 02:02:49,416 WARNING pypdf._reader Ignoring wrong pointing object 23 0 (offset 0)
2026-08-26 02:02:49,416 WARNING pypdf._reader Ignoring wrong pointing object 25 0 (offset 0)
2026-08-26 02:02:49,416 WARNING pypdf._reader Ignoring wrong pointing object 27 0 (offset 0)
2026-08-26 02:02:49,417 WARNING pypdf._reader Ignoring wrong pointing object 32 0 (offset 0)
2026-08-26 02:02:49,417 WARNING pypdf._reader Ignoring wrong pointing object 37 0 (offset 0)
2026-08-26 02:02:49,419 WARNING pypdf._reader Ignoring wrong pointing object 7 0 (offset 0)
2026-08-26 02:02:49,419 WARNING pypdf._reader Ignoring wrong pointing object 9 0 (offset 0)
2026-08-26 02:02:49,420 WARNING pypdf._reader Ignoring wrong pointing object 11 0 (offset 0)
2026-08-26 02:02:49,428 WARNING pypdf._reader Ignoring wrong pointing object 13 0 (offset 0)
2026-08-26 02:02:49,429 WARNING pypdf._reader Ignoring wrong pointing object 21 0 (offset 0)
2026-08-26 02:02:49,431 WARNING pypdf._reader Ignoring wrong pointing object 23 0 (offset 0)
2026-08-26 02:02:49,431 WARNING pypdf._reader Ignoring wrong pointing object 25 0 (offset 0)
2026-08-26 02:02:49,432 WARNING pypdf._reader Ignoring wrong pointing object 27 0 (offset 0)
2026-08-26 02:02:49,432 WARNING pypdf._reader Ignoring wrong pointing object 32 0 (offset 0)
2026-08-26 02:02:49,433 WARNING pypdf._reader Ignoring wrong pointing object 37 0 (offset 0)
2026-08-26 02:02:49,784 INFO uk_kb_collector DRY-RUN would store https://assets.publishing.service.gov.uk/media/6731e5cff8ac0a8bd93d138a/Supplementary_Guidance_-_Defining_Small_and_Medium_Sized_Enterprises_FINAL.pdf -> C:\Users\Donny\Desktop\UK-KB-Collector\Knowledge_Base\04_NPPS_and_Government_Policy\2024-11-28__UK Government__Supplementary Guidance (PDF, 629KB)__v1.pdf
2026-08-26 02:02:51,234 INFO uk_kb_collector DRY-RUN would store https://assets.publishing.service.gov.uk/media/67b70cf232b2aab18314bc48/2025-02-19_ACT_NOW_Suppliers__user_guide__How_To_Register_Your_Organisation_FINAL.pdf -> C:\Users\Donny\Desktop\UK-KB-Collector\Knowledge_Base\04_NPPS_and_Government_Policy\2023-11-13__UK Government__Suppliers_ How to register your organisation and first administrator on Find a Tender in three easy steps (PDF)__v1.pdf
2026-08-26 02:02:52,941 INFO uk_kb_collector DRY-RUN would store https://assets.publishing.service.gov.uk/media/67b70facbd116e3d7b1cf33a/2025-02-19_ACT_NOW_Suppliers__user_guide__Completing_Supplier_Information_FINAL.pdf -> C:\Users\Donny\Desktop\UK-KB-Collector\Knowledge_Base\04_NPPS_and_Government_Policy\2023-11-13__UK Government__Suppliers_ detailed walkthrough - how an administrator completes and updates supplier information (PDF)__v1.pdf
2026-08-26 02:02:53,944 INFO uk_kb_collector DRY-RUN would store https://assets.publishing.service.gov.uk/media/67b711359ae06ef4a71cf334/2025-02-19_ACT_NOW_How_To_Use_the_Central_Digital_Platform_-_a__short_guide_for_everyoneFINAL.docx.pdf -> C:\Users\Donny\Desktop\UK-KB-Collector\Knowledge_Base\04_NPPS_and_Government_Policy\2023-11-13__UK Government__Buyers and Suppliers_ How to use the Central Digital Platform, the enhanced Find a Tender service (PDF)__v1.pdf
2026-08-26 02:02:57,203 INFO uk_kb_collector DRY-RUN would store https://assets.publishing.service.gov.uk/media/67b711d60495029f3e1c6a6e/2025-02-19_ACT_NOW_An_overview_of_the_the_Central_Digital_Platform_-_a_short_guide_for_contracting_authorities_FINAL.pdf -> C:\Users\Donny\Desktop\UK-KB-Collector\Knowledge_Base\04_NPPS_and_Government_Policy\2023-11-13__UK Government__Contracting authorities_ An overview of the Central Digital Platform, the enhanced Find a Tender service (PDF)__v1.pdf
2026-08-26 02:02:58,078 INFO uk_kb_collector DRY-RUN would store https://assets.publishing.service.gov.uk/media/6799f6585fa219d945b34219/Silde_deck-_Updated_Logo_PDF.pdf -> C:\Users\Donny\Desktop\UK-KB-Collector\Knowledge_Base\04_NPPS_and_Government_Policy\2023-11-13__UK Government__Transforming Public Procurement_ Get ready for Go-Live (slide deck)__v1.pdf
2026-08-26 02:03:02,476 INFO uk_kb_collector DRY-RUN would store https://assets.publishing.service.gov.uk/media/67f7e9e649d2ffceecef3042/UK1_Pipeline_Notice_leaflet__6___1_.pdf -> C:\Users\Donny\Desktop\UK-KB-Collector\Knowledge_Base\04_NPPS_and_Government_Policy\2023-11-13__UK Government__UK1 - the new Pipeline Notice (PDF)__v1.pdf
2026-08-26 02:03:07,081 INFO uk_kb_collector DRY-RUN would store https://assets.publishing.service.gov.uk/media/6995bd5dbfdab2546272bf47/Supplier_Registration_-_short_guide_FINAL__1_.pdf -> C:\Users\Donny\Desktop\UK-KB-Collector\Knowledge_Base\04_NPPS_and_Government_Policy\2023-11-13__UK Government__How to register your organisation and find your unique identifier - a guide for suppliers (PDF)__v1.pdf
2026-08-26 02:03:08,145 INFO uk_kb_collector DRY-RUN would store https://assets.publishing.service.gov.uk/media/6a39461d00ff27f06e3efbf3/Permitted_Modifications_to_a_Contract_FINAL.pdf -> C:\Users\Donny\Desktop\UK-KB-Collector\Knowledge_Base\04_NPPS_and_Government_Policy\2023-11-13__UK Government__The Procurement Act 2023_ Permitted Contract Modifications and the Materialisation of a Known Risk (PDF)__v1.pdf
2026-08-26 02:03:08,896 INFO uk_kb_collector DRY-RUN would store https://assets.publishing.service.gov.uk/media/6a39463c25c5199bda11792e/The_Competitive_Flexible_Procedure_and_Negotiation_FINAL__2_.pdf -> C:\Users\Donny\Desktop\UK-KB-Collector\Knowledge_Base\04_NPPS_and_Government_Policy\2023-11-13__UK Government__The Procurement Act 2023_ The Competitive Flexible Procedure and Negotiation (PDF)__v1.pdf
2026-08-26 02:03:10,967 INFO uk_kb_collector DRY-RUN would store https://assets.publishing.service.gov.uk/media/6a3946556422bec01b117929/Using_your_procurement_as_an_enabler_for_future_direct_awards_FINAL.pdf -> C:\Users\Donny\Desktop\UK-KB-Collector\Knowledge_Base\04_NPPS_and_Government_Policy\2023-11-13__UK Government__The Procurement Act 2023_ Using Your Procurement as an Enabler for Future Direct Awards (PDF)__v1.pdf
2026-08-26 02:03:13,068 INFO uk_kb_collector DRY-RUN would store https://assets.publishing.service.gov.uk/media/678f66bdee8326de1d8e9d69/2025-01-20_Suppliers__user_guide__How_To_Register_Your_Organisation_FINAL.pdf -> C:\Users\Donny\Desktop\UK-KB-Collector\Knowledge_Base\04_NPPS_and_Government_Policy\2024-11-28__UK Government__Suppliers_ How to register your organisation and first administrator on Find a Tender in three easy steps (PDF, 1,661KB)__v1.pdf
2026-08-26 02:03:14,808 INFO uk_kb_collector DRY-RUN would store https://assets.publishing.service.gov.uk/media/678f671fe94a1e07c3ef8489/2025-01-20_Suppliers__user_guide__Completing_Supplier_Information_FINAL.pdf -> C:\Users\Donny\Desktop\UK-KB-Collector\Knowledge_Base\04_NPPS_and_Government_Policy\2024-11-28__UK Government__Suppliers_ detailed walkthrough - how an administrator completes and updates supplier information (PDF, 3.6MB)__v1.pdf
2026-08-26 02:03:15,711 INFO uk_kb_collector DRY-RUN would store https://assets.publishing.service.gov.uk/media/678f6750ee8326de1d8e9d6a/2025-01-20_How_To_Use_the_Central_Digital_Platform_-_a_short_guide_for_everyone_FINAL.pdf -> C:\Users\Donny\Desktop\UK-KB-Collector\Knowledge_Base\04_NPPS_and_Government_Policy\2024-11-28__UK Government__Buyers and suppliers_ How to use the central digital platform (enhanced Find a Tender service) a short guide for everyone (PDF, 1,423KB)__v1.pdf
2026-08-26 02:03:17,344 INFO uk_kb_collector DRY-RUN would store https://assets.publishing.service.gov.uk/media/678f67841784b7a1338e9d69/2025-01-20_An_overview_of_the_the_Central_Digital_Platform_-_a_short_guide_for_contracting_authorities_FINAL_.pdf -> C:\Users\Donny\Desktop\UK-KB-Collector\Knowledge_Base\04_NPPS_and_Government_Policy\2024-11-28__UK Government__Contracting Authorities_ an overview of the new transparency commitments and illustration of notices on enhanced Find a Tender service (PDF, 2.3MB)__v1.pdf
2026-08-26 02:03:18,863 INFO uk_kb_collector DRY-RUN would store https://assets.publishing.service.gov.uk/media/6719065417e213a633220979/14.491_CO_GCF_TPP_The_Procurement_Act_2023_Draft_5.0_2___1_.pdf -> C:\Users\Donny\Desktop\UK-KB-Collector\Knowledge_Base\04_NPPS_and_Government_Policy\undated__Cabinet Office__Procurement Act 2023 - A short guide for suppliers (PDF_ 360KB)__v1.pdf
2026-08-26 02:03:32,033 INFO uk_kb_collector DRY-RUN would store https://assets.publishing.service.gov.uk/media/6720fe0a3758e4604742a8ab/20241029_CDP_Factsheet_v1.0.pdf -> C:\Users\Donny\Desktop\UK-KB-Collector\Knowledge_Base\04_NPPS_and_Government_Policy\2024-11-28__UK Government__Central Digital Platform (PDF, 4.8MB)__v1.pdf
2026-08-26 02:03:32,781 INFO uk_kb_collector DRY-RUN would store https://assets.publishing.service.gov.uk/media/67ab330e1a116437c7ed88da/E03274856_National_Procurement_Policy_Statement_Elay.pdf -> C:\Users\Donny\Desktop\UK-KB-Collector\Knowledge_Base\04_NPPS_and_Government_Policy\2025-02-12__UK Government__National Procurement Policy Statement (PDF)__v1.pdf
2026-08-26 02:03:34,041 INFO uk_kb_collector DRY-RUN would store https://assets.publishing.service.gov.uk/media/67ab332fd41dfb0b59cec46a/E03274856_National_Procurement_Policy_Statement_Accessible.pdf -> C:\Users\Donny\Desktop\UK-KB-Collector\Knowledge_Base\04_NPPS_and_Government_Policy\2025-02-12__UK Government__National Procurement Policy Statement (Accessible PDF)__v1.pdf
2026-08-26 02:03:35,679 INFO uk_kb_collector DRY-RUN would store https://assets.publishing.service.gov.uk/media/67c59c25750837d7604dbd83/Annex_A_EM_for_NPPS_-_Final_Version.pdf -> C:\Users\Donny\Desktop\UK-KB-Collector\Knowledge_Base\04_NPPS_and_Government_Policy\2025-02-12__Cabinet Office__Explanatory Memorandum to the National Procurement Policy Statement__v1.pdf
2026-08-26 02:03:37,242 INFO uk_kb_collector DRY-RUN would store https://assets.publishing.service.gov.uk/media/653b84d5e6c968000daa9c15/TPP_Our_Innovation_Ambition.pdf -> C:\Users\Donny\Desktop\UK-KB-Collector\Knowledge_Base\04_NPPS_and_Government_Policy\2023-11-13__UK Government__Transforming Public Procurement - our innovation ambition (PDF)__v1.pdf
2026-08-26 02:03:38,468 INFO uk_kb_collector DRY-RUN would store https://assets.publishing.service.gov.uk/media/6539145680884d000df71aae/20231025_TPP_pre-implementation_checklist.pdf -> C:\Users\Donny\Desktop\UK-KB-Collector\Knowledge_Base\04_NPPS_and_Government_Policy\2022-10-21__UK Government__Transforming Public Procurement - planning and preparation checklist__v1.pdf
2026-08-26 02:03:41,599 INFO uk_kb_collector DRY-RUN would store https://assets.publishing.service.gov.uk/media/63bc029bd3bf7f262df93d19/The_Procurement_Bill_Benefits_for_Prospective_Suppliers_to_the_Public_Sector.pdf -> C:\Users\Donny\Desktop\UK-KB-Collector\Knowledge_Base\04_NPPS_and_Government_Policy\2023-01-09__UK Government__Benefits for Prospective Suppliers to the Public Sector (PDF)__v1.pdf
2026-08-26 02:03:42,150 INFO uk_kb_collector DRY-RUN would store https://assets.publishing.service.gov.uk/media/68dd0ae1c487360cc70c9fbb/2025-09-01_-_The_Contract_Management_Capability_Programme_2025.pptx.pdf -> C:\Users\Donny\Desktop\UK-KB-Collector\Knowledge_Base\04_NPPS_and_Government_Policy\2018-04-16__UK Government__The Contract Management Capability Programme 2025 - About the programme (PDF)__v1.pdf
2026-08-26 02:03:43,913 INFO uk_kb_collector DRY-RUN would store https://assets.publishing.service.gov.uk/media/6464a8b7e140700013b6e090/20230419_The_Contract_Management_Capability_Programme_-_Four_years_in_-_progress_and_benefits_realisation__3_.pdf -> C:\Users\Donny\Desktop\UK-KB-Collector\Knowledge_Base\04_NPPS_and_Government_Policy\2018-04-16__Cabinet Office__Contract Management Capability Programme (PDF)__v1.pdf
2026-08-26 02:03:45,025 INFO uk_kb_collector DRY-RUN would store https://assets.publishing.service.gov.uk/media/6464a926d3231e001332dad5/Foundation_-_2023_-_brochure__1_.pdf -> C:\Users\Donny\Desktop\UK-KB-Collector\Knowledge_Base\04_NPPS_and_Government_Policy\2018-04-16__UK Government__Foundation - Accreditation and development programme (PDF)__v1.pdf
2026-08-26 02:03:48,693 INFO uk_kb_collector DRY-RUN would store https://assets.publishing.service.gov.uk/media/68dd0d0b750fcf90fa6ffc95/2025-08-15_Practitioner_brochure__3___1_.pdf -> C:\Users\Donny\Desktop\UK-KB-Collector\Knowledge_Base\04_NPPS_and_Government_Policy\2018-04-16__UK Government__Practitioner - Accreditation and development programme (PDF)__v1.pdf
2026-08-26 02:03:51,409 INFO uk_kb_collector DRY-RUN would store https://assets.publishing.service.gov.uk/media/68dd0efbdadf7616351e4cb7/2025-08-15_Expert_brochure__1_.pdf -> C:\Users\Donny\Desktop\UK-KB-Collector\Knowledge_Base\04_NPPS_and_Government_Policy\2018-04-16__UK Government__Expert - Accreditation and development programme (PDF)__v1.pdf
2026-08-26 02:03:52,420 INFO uk_kb_collector DRY-RUN would store https://assets.publishing.service.gov.uk/media/6464a993d3231e001332dad8/Beyond_foundation_-_2023_-_brochure.pdf -> C:\Users\Donny\Desktop\UK-KB-Collector\Knowledge_Base\04_NPPS_and_Government_Policy\2018-04-16__UK Government__Beyond Foundation - Pathway development programme to practitioner or expert level accreditation (PDF)__v1.pdf
2026-08-26 02:03:53,384 INFO uk_kb_collector DRY-RUN would store https://assets.publishing.service.gov.uk/media/6a7b458b783bd442d7805c55/2025-04-29_Contract_management_for_senior_responsible_owners.pdf -> C:\Users\Donny\Desktop\UK-KB-Collector\Knowledge_Base\04_NPPS_and_Government_Policy\2018-04-16__UK Government__Contract Management for Senior Responsible Owners (PDF)__v1.pdf
2026-08-26 02:03:54,613 INFO uk_kb_collector DRY-RUN would store https://assets.publishing.service.gov.uk/media/6464aa02e140700013b6e098/20220329_Coaching_flyer___1___1_.pdf -> C:\Users\Donny\Desktop\UK-KB-Collector\Knowledge_Base\04_NPPS_and_Government_Policy\2018-04-16__UK Government__Skills Coaching (PDF)__v1.pdf
2026-08-26 02:03:59,034 INFO uk_kb_collector DRY-RUN would store https://assets.publishing.service.gov.uk/media/6477376a5f7bb7000c7fa227/Contract_Management_Training___Accreditation_Foundation_level_takeaway_guide.pdf -> C:\Users\Donny\Desktop\UK-KB-Collector\Knowledge_Base\04_NPPS_and_Government_Policy\2018-04-16__UK Government__Contract Management Training & Accreditation Foundation level_ takeaway guide (PDF)__v1.pdf
2026-08-26 02:04:00,082 INFO uk_kb_collector DRY-RUN would store https://assets.publishing.service.gov.uk/media/6877a0022bad77c3dae4dc8b/GovComCollege_User_Guide_16072025.pdf -> C:\Users\Donny\Desktop\UK-KB-Collector\Knowledge_Base\04_NPPS_and_Government_Policy\2018-04-16__UK Government__Government Commercial College (GCC) User Guide (PDF)__v1.pdf
2026-08-26 02:04:02,414 INFO uk_kb_collector DRY-RUN would store https://assets.publishing.service.gov.uk/media/679a4122fe19800263dc7be6/CPD_guide_-_contract_management_and_commercial_capability.pdf -> C:\Users\Donny\Desktop\UK-KB-Collector\Knowledge_Base\04_NPPS_and_Government_Policy\2018-04-16__UK Government__Contract Management Training & Accreditation_ Continuing Professional Development Guide (PDF)__v1.pdf
2026-08-26 02:04:03,648 INFO uk_kb_collector DRY-RUN would store https://assets.publishing.service.gov.uk/media/68dd1328c487360cc70c9fc4/2024-11-21_Presentation_on_What_does_a_good_contract_manager_look_like.pptx__1___2_.pdf -> C:\Users\Donny\Desktop\UK-KB-Collector\Knowledge_Base\04_NPPS_and_Government_Policy\2018-04-16__UK Government__What does a good contract manager look like (PDF)__v1.pdf
2026-08-26 02:04:04,313 INFO uk_kb_collector DRY-RUN would store https://assets.publishing.service.gov.uk/media/6a7b449eaadaaddf89b6e452/2026-08-01_-_The_Contract_Management_Capability_Programme.pptx_-_Google_Slides.pdf -> C:\Users\Donny\Desktop\UK-KB-Collector\Knowledge_Base\04_NPPS_and_Government_Policy\2018-04-16__UK Government__Programme overview Powerpoint presentation (PDF)__v1.pdf
2026-08-26 02:04:05,879 INFO uk_kb_collector DRY-RUN would store https://assets.publishing.service.gov.uk/media/6a7b44b0aadaaddf89b6e453/2024-12-06_Foundation_-_flyer.pdf -> C:\Users\Donny\Desktop\UK-KB-Collector\Knowledge_Base\04_NPPS_and_Government_Policy\2018-04-16__UK Government__Foundation two-page flyer (PDF)__v1.pdf
2026-08-26 02:04:07,236 INFO uk_kb_collector DRY-RUN would store https://assets.publishing.service.gov.uk/media/6a7b4512347b198efd290f09/Contract_Management_Capability_Programme_-_Practitioner_training_for_accreditation_programme.pdf -> C:\Users\Donny\Desktop\UK-KB-Collector\Knowledge_Base\04_NPPS_and_Government_Policy\2018-04-16__UK Government__Practitioner two-page flyer (PDF)__v1.pdf
2026-08-26 02:04:08,790 INFO uk_kb_collector DRY-RUN would store https://assets.publishing.service.gov.uk/media/6a7b4525aadaaddf89b6e454/2026-05-14_Expert_training_and_accreditation_programme_flyer__1_.pdf -> C:\Users\Donny\Desktop\UK-KB-Collector\Knowledge_Base\04_NPPS_and_Government_Policy\2018-04-16__UK Government__Expert two-page flyer (PDF)__v1.pdf
2026-08-26 02:04:11,114 INFO uk_kb_collector DRY-RUN would store https://assets.publishing.service.gov.uk/media/6a7b4534aadaaddf89b6e455/2023-06-01_Brochure_for_Beyond_foundation.pdf -> C:\Users\Donny\Desktop\UK-KB-Collector\Knowledge_Base\04_NPPS_and_Government_Policy\2018-04-16__UK Government__Beyond Foundation brochure (PDF)__v1.pdf
2026-08-26 02:04:13,564 INFO uk_kb_collector DRY-RUN would store https://assets.publishing.service.gov.uk/media/6a7b45abaadaaddf89b6e457/CPD_guide_.pdf -> C:\Users\Donny\Desktop\UK-KB-Collector\Knowledge_Base\04_NPPS_and_Government_Policy\2018-04-16__UK Government__CPD guide (PDF)__v1.pdf
2026-08-26 02:04:16,328 INFO uk_kb_collector DRY-RUN would store https://assets.publishing.service.gov.uk/media/6a7d8cc29cba0097fdd8325f/Contract_management_-_New_in_role_guidance__1_.pdf -> C:\Users\Donny\Desktop\UK-KB-Collector\Knowledge_Base\04_NPPS_and_Government_Policy\2018-04-16__UK Government__Initial guidance and signposting for new in role contract managers (PDF)__v1.pdf
2026-08-26 02:04:20,253 INFO uk_kb_collector DRY-RUN would store https://assets.publishing.service.gov.uk/media/66b24baf0808eaf43b50de08/CCS0524204542-001_Transforming_public_procurement_Combined__3_.pdf -> C:\Users\Donny\Desktop\UK-KB-Collector\Knowledge_Base\04_NPPS_and_Government_Policy\2024-04-22__Cabinet Office__Transforming Public Procurement Learning Manual (PDF)__v1.pdf
2026-08-26 02:04:21,025 INFO uk_kb_collector DRY-RUN would store https://www.legislation.gov.uk/ukpga/2023/54/pdfs/ukpga_20230054_en.pdf -> C:\Users\Donny\Desktop\UK-KB-Collector\Knowledge_Base\01_Legislation\Procurement_Act_2023\undated__UK Government__Gwreiddiol_ Fersiwn Argraffydd y Brenin__v1.pdf
2026-08-26 02:04:21,913 INFO uk_kb_collector DRY-RUN would store https://www.legislation.gov.uk/ukpga/2023/54/pdfs/ukpgacs_20230054_en_001.pdf -> C:\Users\Donny\Desktop\UK-KB-Collector\Knowledge_Base\01_Legislation\Procurement_Act_2023\undated__UK Government__Slip Cywiro - 12_11_2024__v1.pdf
2026-08-26 02:04:24,003 INFO uk_kb_collector DRY-RUN would store https://www.legislation.gov.uk/ukpga/2023/54/contents/data.pdf -> C:\Users\Donny\Desktop\UK-KB-Collector\Knowledge_Base\01_Legislation\Procurement_Act_2023\undated__UK Government__PDF alternative version__v1.pdf
2026-08-26 02:04:26,467 INFO uk_kb_collector DRY-RUN would store https://www.legislation.gov.uk/ukpga/2023/54/data.pdf -> C:\Users\Donny\Desktop\UK-KB-Collector\Knowledge_Base\01_Legislation\Procurement_Act_2023\undated__UK Government__Continue to open__v1.pdf
2026-08-26 02:04:27,847 INFO uk_kb_collector DRY-RUN would store https://www.legislation.gov.uk/cy/ukpga/2023/54/data.pdf -> C:\Users\Donny\Desktop\UK-KB-Collector\Knowledge_Base\01_Legislation\Procurement_Act_2023\undated__UK Government__Continue to open__v1.pdf
2026-08-26 02:04:28,302 INFO uk_kb_collector DRY-RUN would store https://www.legislation.gov.uk/ukpga/2023/54/introduction/data.pdf -> C:\Users\Donny\Desktop\UK-KB-Collector\Knowledge_Base\01_Legislation\Procurement_Act_2023\undated__UK Government__PDF alternative version__v1.pdf
2026-08-26 02:04:30,797 INFO uk_kb_collector DRY-RUN would store https://www.legislation.gov.uk/ukpga/2023/54/pdfs/ukpgaen_20230054_en.pdf -> C:\Users\Donny\Desktop\UK-KB-Collector\Knowledge_Base\01_Legislation\Procurement_Act_2023\undated__Cabinet Office__Explanatory Note__v1.pdf
2026-08-26 02:04:31,661 INFO uk_kb_collector DRY-RUN would store https://www.legislation.gov.uk/ukpga/2023/54/contents/enacted/data.pdf -> C:\Users\Donny\Desktop\UK-KB-Collector\Knowledge_Base\01_Legislation\Procurement_Act_2023\undated__UK Government__PDF alternative version__v1.pdf
2026-08-26 02:04:33,696 INFO uk_kb_collector DRY-RUN would store https://www.legislation.gov.uk/ukpga/2023/54/enacted/data.pdf -> C:\Users\Donny\Desktop\UK-KB-Collector\Knowledge_Base\01_Legislation\Procurement_Act_2023\undated__UK Government__Continue to open__v1.pdf
2026-08-26 02:04:35,560 INFO uk_kb_collector DRY-RUN would store https://www.legislation.gov.uk/ukpga/2023/54/body/data.pdf -> C:\Users\Donny\Desktop\UK-KB-Collector\Knowledge_Base\01_Legislation\Procurement_Act_2023\undated__UK Government__PDF alternative version__v1.pdf
2026-08-26 02:04:36,191 INFO uk_kb_collector DRY-RUN would store https://www.legislation.gov.uk/ukpga/2023/54/part/1/data.pdf -> C:\Users\Donny\Desktop\UK-KB-Collector\Knowledge_Base\01_Legislation\Procurement_Act_2023\undated__UK Government__PDF The Whole_______Part__v1.pdf
2026-08-26 02:04:37,446 INFO uk_kb_collector DRY-RUN would store https://www.legislation.gov.uk/ukpga/2023/54/section/1/data.pdf -> C:\Users\Donny\Desktop\UK-KB-Collector\Knowledge_Base\01_Legislation\Procurement_Act_2023\undated__UK Government__PDF alternative version__v1.pdf
2026-08-26 02:04:39,006 INFO uk_kb_collector DRY-RUN would store https://www.legislation.gov.uk/ukpga/2023/54/section/2/data.pdf -> C:\Users\Donny\Desktop\UK-KB-Collector\Knowledge_Base\01_Legislation\Procurement_Act_2023\undated__UK Government__PDF alternative version__v1.pdf
2026-08-26 02:04:40,454 INFO uk_kb_collector DRY-RUN would store https://www.legislation.gov.uk/ukpga/2023/54/section/3/data.pdf -> C:\Users\Donny\Desktop\UK-KB-Collector\Knowledge_Base\01_Legislation\Procurement_Act_2023\undated__UK Government__PDF alternative version__v1.pdf
2026-08-26 02:04:41,964 INFO uk_kb_collector DRY-RUN would store https://www.legislation.gov.uk/ukpga/2023/54/section/4/data.pdf -> C:\Users\Donny\Desktop\UK-KB-Collector\Knowledge_Base\01_Legislation\Procurement_Act_2023\undated__UK Government__PDF alternative version__v1.pdf
2026-08-26 02:04:43,638 INFO uk_kb_collector DRY-RUN would store https://www.legislation.gov.uk/ukpga/2023/54/section/5/data.pdf -> C:\Users\Donny\Desktop\UK-KB-Collector\Knowledge_Base\01_Legislation\Procurement_Act_2023\undated__UK Government__PDF alternative version__v1.pdf
2026-08-26 02:04:45,134 INFO uk_kb_collector DRY-RUN would store https://www.legislation.gov.uk/ukpga/2023/54/section/6/data.pdf -> C:\Users\Donny\Desktop\UK-KB-Collector\Knowledge_Base\01_Legislation\Procurement_Act_2023\undated__UK Government__PDF alternative version__v1.pdf
2026-08-26 02:04:46,581 INFO uk_kb_collector DRY-RUN would store https://www.legislation.gov.uk/ukpga/2023/54/section/7/data.pdf -> C:\Users\Donny\Desktop\UK-KB-Collector\Knowledge_Base\01_Legislation\Procurement_Act_2023\undated__UK Government__PDF alternative version__v1.pdf
2026-08-26 02:04:47,939 INFO uk_kb_collector DRY-RUN would store https://www.legislation.gov.uk/ukpga/2023/54/section/8/data.pdf -> C:\Users\Donny\Desktop\UK-KB-Collector\Knowledge_Base\01_Legislation\Procurement_Act_2023\undated__UK Government__PDF alternative version__v1.pdf
2026-08-26 02:04:49,501 INFO uk_kb_collector DRY-RUN would store https://www.legislation.gov.uk/ukpga/2023/54/section/9/data.pdf -> C:\Users\Donny\Desktop\UK-KB-Collector\Knowledge_Base\01_Legislation\Procurement_Act_2023\undated__UK Government__PDF alternative version__v1.pdf
2026-08-26 02:04:51,072 INFO uk_kb_collector DRY-RUN would store https://www.legislation.gov.uk/ukpga/2023/54/section/10/data.pdf -> C:\Users\Donny\Desktop\UK-KB-Collector\Knowledge_Base\01_Legislation\Procurement_Act_2023\undated__UK Government__PDF alternative version__v1.pdf
2026-08-26 02:04:52,728 INFO uk_kb_collector DRY-RUN would store https://www.legislation.gov.uk/ukpga/2023/54/part/2/data.pdf -> C:\Users\Donny\Desktop\UK-KB-Collector\Knowledge_Base\01_Legislation\Procurement_Act_2023\undated__UK Government__PDF The Whole_______Part__v1.pdf
2026-08-26 02:04:53,969 INFO uk_kb_collector DRY-RUN would store https://www.legislation.gov.uk/ukpga/2023/54/section/11/data.pdf -> C:\Users\Donny\Desktop\UK-KB-Collector\Knowledge_Base\01_Legislation\Procurement_Act_2023\undated__UK Government__PDF alternative version__v1.pdf
2026-08-26 02:04:55,495 INFO uk_kb_collector DRY-RUN would store https://www.legislation.gov.uk/ukpga/2023/54/section/12/data.pdf -> C:\Users\Donny\Desktop\UK-KB-Collector\Knowledge_Base\01_Legislation\Procurement_Act_2023\undated__UK Government__PDF alternative version__v1.pdf
2026-08-26 02:04:57,006 INFO uk_kb_collector DRY-RUN would store https://www.legislation.gov.uk/ukpga/2023/54/section/13/data.pdf -> C:\Users\Donny\Desktop\UK-KB-Collector\Knowledge_Base\01_Legislation\Procurement_Act_2023\undated__UK Government__PDF alternative version__v1.pdf
2026-08-26 02:04:58,665 INFO uk_kb_collector DRY-RUN would store https://www.legislation.gov.uk/ukpga/2023/54/section/14/data.pdf -> C:\Users\Donny\Desktop\UK-KB-Collector\Knowledge_Base\01_Legislation\Procurement_Act_2023\undated__UK Government__PDF alternative version__v1.pdf
2026-08-26 02:05:00,430 INFO uk_kb_collector DRY-RUN would store https://www.legislation.gov.uk/uksi/2024/692/pdfs/uksi_20240692_en.pdf -> C:\Users\Donny\Desktop\UK-KB-Collector\Knowledge_Base\01_Legislation\Procurement_Act_2023\undated__Cabinet Office__Gwreiddiol_ Fersiwn Argraffydd y Brenin__v1.pdf
2026-08-26 02:05:01,610 INFO uk_kb_collector DRY-RUN would store https://www.legislation.gov.uk/uksi/2024/692/contents/data.pdf -> C:\Users\Donny\Desktop\UK-KB-Collector\Knowledge_Base\01_Legislation\Procurement_Act_2023\undated__UK Government__PDF alternative version__v1.pdf
2026-08-26 02:05:03,970 INFO uk_kb_collector DRY-RUN would store https://www.legislation.gov.uk/uksi/2024/692/data.pdf -> C:\Users\Donny\Desktop\UK-KB-Collector\Knowledge_Base\01_Legislation\Procurement_Act_2023\undated__Cabinet Office__PDF The Whole_______Instrument__v1.pdf
2026-08-26 02:05:04,550 INFO uk_kb_collector DRY-RUN would store https://www.legislation.gov.uk/uksi/2024/692/introduction/data.pdf -> C:\Users\Donny\Desktop\UK-KB-Collector\Knowledge_Base\01_Legislation\Procurement_Act_2023\undated__Cabinet Office__PDF alternative version__v1.pdf
2026-08-26 02:05:06,049 INFO uk_kb_collector DRY-RUN would store https://www.legislation.gov.uk/uksi/2024/692/contents/made/data.pdf -> C:\Users\Donny\Desktop\UK-KB-Collector\Knowledge_Base\01_Legislation\Procurement_Act_2023\undated__UK Government__PDF alternative version__v1.pdf
2026-08-26 02:05:08,085 INFO uk_kb_collector DRY-RUN would store https://www.legislation.gov.uk/uksi/2024/692/made/data.pdf -> C:\Users\Donny\Desktop\UK-KB-Collector\Knowledge_Base\01_Legislation\Procurement_Act_2023\undated__Cabinet Office__PDF The Whole_______Instrument__v1.pdf
2026-08-26 02:05:09,848 INFO uk_kb_collector DRY-RUN would store https://www.legislation.gov.uk/uksi/2024/692/body/data.pdf -> C:\Users\Donny\Desktop\UK-KB-Collector\Knowledge_Base\01_Legislation\Procurement_Act_2023\undated__Cabinet Office__PDF alternative version__v1.pdf
2026-08-26 02:05:10,936 INFO uk_kb_collector DRY-RUN would store https://www.legislation.gov.uk/uksi/2024/692/schedules/data.pdf -> C:\Users\Donny\Desktop\UK-KB-Collector\Knowledge_Base\01_Legislation\Procurement_Regulations_2024\undated__UK Government__PDF alternative version__v1.pdf
2026-08-26 02:05:12,110 INFO uk_kb_collector DRY-RUN would store https://www.legislation.gov.uk/uksi/2024/692/part/1/data.pdf -> C:\Users\Donny\Desktop\UK-KB-Collector\Knowledge_Base\01_Legislation\Procurement_Act_2023\undated__UK Government__PDF The Whole_______Part__v1.pdf
2026-08-26 02:05:13,559 INFO uk_kb_collector DRY-RUN would store https://www.legislation.gov.uk/uksi/2024/692/regulation/1/data.pdf -> C:\Users\Donny\Desktop\UK-KB-Collector\Knowledge_Base\01_Legislation\Procurement_Act_2023\undated__UK Government__PDF alternative version__v1.pdf
2026-08-26 02:05:15,009 INFO uk_kb_collector DRY-RUN would store https://www.legislation.gov.uk/uksi/2024/692/regulation/2/data.pdf -> C:\Users\Donny\Desktop\UK-KB-Collector\Knowledge_Base\01_Legislation\Procurement_Regulations_2024\undated__UK Government__PDF alternative version__v1.pdf
2026-08-26 02:05:16,532 INFO uk_kb_collector DRY-RUN would store https://www.legislation.gov.uk/uksi/2024/692/regulation/3/data.pdf -> C:\Users\Donny\Desktop\UK-KB-Collector\Knowledge_Base\01_Legislation\Procurement_Act_2023\undated__UK Government__PDF alternative version__v1.pdf
2026-08-26 02:05:18,727 INFO uk_kb_collector DRY-RUN would store https://www.legislation.gov.uk/uksi/2024/692/part/2/data.pdf -> C:\Users\Donny\Desktop\UK-KB-Collector\Knowledge_Base\01_Legislation\Procurement_Act_2023\undated__Cabinet Office__PDF The Whole_______Part__v1.pdf
2026-08-26 02:05:19,617 INFO uk_kb_collector DRY-RUN would store https://www.legislation.gov.uk/uksi/2024/692/regulation/4/data.pdf -> C:\Users\Donny\Desktop\UK-KB-Collector\Knowledge_Base\01_Legislation\Procurement_Act_2023\undated__UK Government__PDF alternative version__v1.pdf
2026-08-26 02:05:21,319 INFO uk_kb_collector DRY-RUN would store https://www.legislation.gov.uk/uksi/2024/692/regulation/5/data.pdf -> C:\Users\Donny\Desktop\UK-KB-Collector\Knowledge_Base\01_Legislation\Procurement_Act_2023\undated__Cabinet Office__PDF alternative version__v1.pdf
2026-08-26 02:05:22,711 INFO uk_kb_collector DRY-RUN would store https://www.legislation.gov.uk/uksi/2024/692/regulation/6/data.pdf -> C:\Users\Donny\Desktop\UK-KB-Collector\Knowledge_Base\01_Legislation\Procurement_Act_2023\undated__UK Government__PDF alternative version__v1.pdf
2026-08-26 02:05:24,120 INFO uk_kb_collector DRY-RUN would store https://www.legislation.gov.uk/uksi/2024/692/regulation/7/data.pdf -> C:\Users\Donny\Desktop\UK-KB-Collector\Knowledge_Base\01_Legislation\Procurement_Act_2023\undated__UK Government__PDF alternative version__v1.pdf
2026-08-26 02:05:25,651 INFO uk_kb_collector DRY-RUN would store https://www.legislation.gov.uk/uksi/2024/692/regulation/8/data.pdf -> C:\Users\Donny\Desktop\UK-KB-Collector\Knowledge_Base\01_Legislation\Procurement_Act_2023\undated__UK Government__PDF alternative version__v1.pdf
2026-08-26 02:05:28,500 INFO uk_kb_collector DRY-RUN would store https://www.legislation.gov.uk/uksi/2024/692/regulation/9/data.pdf -> C:\Users\Donny\Desktop\UK-KB-Collector\Knowledge_Base\01_Legislation\Procurement_Act_2023\undated__UK Government__PDF alternative version__v1.pdf
2026-08-26 02:05:29,083 INFO uk_kb_collector DRY-RUN would store https://www.legislation.gov.uk/uksi/2024/692/regulation/10/data.pdf -> C:\Users\Donny\Desktop\UK-KB-Collector\Knowledge_Base\01_Legislation\Procurement_Act_2023\undated__UK Government__PDF alternative version__v1.pdf
2026-08-26 02:05:30,692 INFO uk_kb_collector DRY-RUN would store https://www.legislation.gov.uk/uksi/2024/692/regulation/11/data.pdf -> C:\Users\Donny\Desktop\UK-KB-Collector\Knowledge_Base\01_Legislation\Procurement_Act_2023\undated__UK Government__PDF alternative version__v1.pdf
2026-08-26 02:05:32,403 INFO uk_kb_collector DRY-RUN would store https://www.legislation.gov.uk/uksi/2024/692/regulation/12/data.pdf -> C:\Users\Donny\Desktop\UK-KB-Collector\Knowledge_Base\01_Legislation\Procurement_Act_2023\undated__UK Government__PDF alternative version__v1.pdf
2026-08-26 02:05:33,867 INFO uk_kb_collector DRY-RUN would store https://www.legislation.gov.uk/uksi/2024/692/regulation/13/data.pdf -> C:\Users\Donny\Desktop\UK-KB-Collector\Knowledge_Base\01_Legislation\Procurement_Act_2023\undated__UK Government__PDF alternative version__v1.pdf
2026-08-26 02:05:34,949 INFO uk_kb_collector DRY-RUN would store https://www.legislation.gov.uk/uksi/2024/692/regulation/14/data.pdf -> C:\Users\Donny\Desktop\UK-KB-Collector\Knowledge_Base\01_Legislation\Procurement_Act_2023\undated__UK Government__PDF alternative version__v1.pdf
2026-08-26 02:05:36,585 INFO uk_kb_collector DRY-RUN would store https://www.legislation.gov.uk/uksi/2015/102/pdfs/uksi_20150102_en.pdf -> C:\Users\Donny\Desktop\UK-KB-Collector\Knowledge_Base\01_Legislation\Legacy_Regulations\undated__UK Government__Gwreiddiol_ Fersiwn Argraffydd y Brenin__v1.pdf
2026-08-26 02:05:38,384 INFO uk_kb_collector DRY-RUN would store https://www.legislation.gov.uk/uksi/2015/102/contents/data.pdf -> C:\Users\Donny\Desktop\UK-KB-Collector\Knowledge_Base\01_Legislation\Legacy_Regulations\undated__UK Government__PDF alternative version__v1.pdf
2026-08-26 02:05:39,480 INFO uk_kb_collector DRY-RUN would store https://www.legislation.gov.uk/uksi/2015/102/data.pdf -> C:\Users\Donny\Desktop\UK-KB-Collector\Knowledge_Base\01_Legislation\Procurement_Act_2023\undated__UK Government__PDF The Whole_______Instrument__v1.pdf
2026-08-26 02:05:40,985 INFO uk_kb_collector DRY-RUN would store https://www.legislation.gov.uk/uksi/2015/102/introduction/data.pdf -> C:\Users\Donny\Desktop\UK-KB-Collector\Knowledge_Base\01_Legislation\Procurement_Act_2023\undated__UK Government__PDF alternative version__v1.pdf
2026-08-26 02:05:43,190 INFO uk_kb_collector DRY-RUN would store https://www.legislation.gov.uk/uksi/2015/102/pdfs/uksiem_20150102_en.pdf -> C:\Users\Donny\Desktop\UK-KB-Collector\Knowledge_Base\01_Legislation\Legacy_Regulations\undated__Cabinet Office__UK Explanatory Memorandum__v1.pdf
2026-08-26 02:05:44,290 INFO uk_kb_collector DRY-RUN would store https://www.legislation.gov.uk/uksi/2015/102/pdfs/uksiod_20150102_en.pdf -> C:\Users\Donny\Desktop\UK-KB-Collector\Knowledge_Base\01_Legislation\Legacy_Regulations\undated__Cabinet Office__Impact assessment on European Commission proposals for new public procurement Directives in the public sector and for Utilities__v1.pdf
2026-08-26 02:05:45,745 INFO uk_kb_collector DRY-RUN would store https://www.legislation.gov.uk/uksi/2015/102/contents/made/data.pdf -> C:\Users\Donny\Desktop\UK-KB-Collector\Knowledge_Base\01_Legislation\Legacy_Regulations\undated__UK Government__PDF alternative version__v1.pdf
2026-08-26 02:05:48,161 INFO uk_kb_collector DRY-RUN would store https://www.legislation.gov.uk/uksi/2015/102/made/data.pdf -> C:\Users\Donny\Desktop\UK-KB-Collector\Knowledge_Base\01_Legislation\Legacy_Regulations\undated__Cabinet Office__PDF The Whole_______Instrument__v1.pdf
2026-08-26 02:05:48,512 INFO uk_kb_collector DRY-RUN would store https://www.legislation.gov.uk/uksi/2015/102/body/data.pdf -> C:\Users\Donny\Desktop\UK-KB-Collector\Knowledge_Base\01_Legislation\Procurement_Act_2023\undated__UK Government__PDF alternative version__v1.pdf
2026-08-26 02:05:50,009 INFO uk_kb_collector DRY-RUN would store https://www.legislation.gov.uk/uksi/2015/102/schedules/data.pdf -> C:\Users\Donny\Desktop\UK-KB-Collector\Knowledge_Base\01_Legislation\Procurement_Act_2023\undated__UK Government__PDF alternative version__v1.pdf
2026-08-26 02:05:51,546 INFO uk_kb_collector DRY-RUN would store https://www.legislation.gov.uk/uksi/2015/102/part/1/data.pdf -> C:\Users\Donny\Desktop\UK-KB-Collector\Knowledge_Base\01_Legislation\Procurement_Act_2023\undated__UK Government__PDF The Whole_______Part__v1.pdf
2026-08-26 02:05:53,098 INFO uk_kb_collector DRY-RUN would store https://www.legislation.gov.uk/uksi/2015/102/regulation/1/data.pdf -> C:\Users\Donny\Desktop\UK-KB-Collector\Knowledge_Base\01_Legislation\Procurement_Act_2023\undated__UK Government__PDF alternative version__v1.pdf
2026-08-26 02:05:54,638 INFO uk_kb_collector DRY-RUN would store https://www.legislation.gov.uk/uksi/2015/102/regulation/2/data.pdf -> C:\Users\Donny\Desktop\UK-KB-Collector\Knowledge_Base\01_Legislation\Procurement_Act_2023\undated__UK Government__PDF alternative version__v1.pdf
2026-08-26 02:05:56,053 INFO uk_kb_collector DRY-RUN would store https://www.legislation.gov.uk/uksi/2015/102/part/2/data.pdf -> C:\Users\Donny\Desktop\UK-KB-Collector\Knowledge_Base\01_Legislation\Procurement_Act_2023\undated__UK Government__PDF The Whole_______Part__v1.pdf
2026-08-26 02:05:57,658 INFO uk_kb_collector DRY-RUN would store https://www.legislation.gov.uk/uksi/2015/102/part/2/chapter/1/data.pdf -> C:\Users\Donny\Desktop\UK-KB-Collector\Knowledge_Base\01_Legislation\Procurement_Act_2023\undated__UK Government__PDF The Whole__________Chapter__v1.pdf
2026-08-26 02:05:59,220 INFO uk_kb_collector DRY-RUN would store https://www.legislation.gov.uk/uksi/2015/102/part/2/chapter/1/crossheading/scope/data.pdf -> C:\Users\Donny\Desktop\UK-KB-Collector\Knowledge_Base\01_Legislation\Procurement_Act_2023\undated__UK Government__PDF The Whole_______Cross Heading__v1.pdf
2026-08-26 02:06:00,634 INFO uk_kb_collector DRY-RUN would store https://www.legislation.gov.uk/uksi/2015/102/part/2/chapter/1/crossheading/scope-subjectmatter-and-mixed-procurement/data.pdf -> C:\Users\Donny\Desktop\UK-KB-Collector\Knowledge_Base\01_Legislation\Procurement_Act_2023\undated__UK Government__PDF alternative version__v1.pdf
2026-08-26 02:06:02,157 INFO uk_kb_collector DRY-RUN would store https://www.legislation.gov.uk/uksi/2015/102/regulation/3/data.pdf -> C:\Users\Donny\Desktop\UK-KB-Collector\Knowledge_Base\01_Legislation\Procurement_Act_2023\undated__UK Government__PDF alternative version__v1.pdf
2026-08-26 02:06:03,714 INFO uk_kb_collector DRY-RUN would store https://www.legislation.gov.uk/uksi/2015/102/regulation/4/data.pdf -> C:\Users\Donny\Desktop\UK-KB-Collector\Knowledge_Base\01_Legislation\Procurement_Act_2023\undated__UK Government__PDF alternative version__v1.pdf
2026-08-26 02:06:05,192 INFO uk_kb_collector DRY-RUN would store https://www.legislation.gov.uk/uksi/2015/102/part/2/chapter/1/crossheading/scope-thresholds/data.pdf -> C:\Users\Donny\Desktop\UK-KB-Collector\Knowledge_Base\01_Legislation\Procurement_Act_2023\undated__UK Government__PDF alternative version__v1.pdf
2026-08-26 02:06:06,605 INFO uk_kb_collector DRY-RUN would store https://www.legislation.gov.uk/uksi/2015/102/regulation/5/data.pdf -> C:\Users\Donny\Desktop\UK-KB-Collector\Knowledge_Base\01_Legislation\Procurement_Act_2023\undated__UK Government__PDF alternative version__v1.pdf
2026-08-26 02:06:08,232 INFO uk_kb_collector DRY-RUN would store https://www.legislation.gov.uk/uksi/2015/102/regulation/5A/data.pdf -> C:\Users\Donny\Desktop\UK-KB-Collector\Knowledge_Base\01_Legislation\Procurement_Act_2023\undated__UK Government__PDF alternative version__v1.pdf
2026-08-26 02:06:09,646 INFO uk_kb_collector DRY-RUN would store https://www.legislation.gov.uk/uksi/2015/102/regulation/6/data.pdf -> C:\Users\Donny\Desktop\UK-KB-Collector\Knowledge_Base\01_Legislation\Procurement_Act_2023\undated__UK Government__PDF alternative version__v1.pdf
2026-08-26 02:06:11,165 INFO uk_kb_collector DRY-RUN would store https://www.legislation.gov.uk/uksi/2015/102/part/2/chapter/1/crossheading/scope-exclusions/data.pdf -> C:\Users\Donny\Desktop\UK-KB-Collector\Knowledge_Base\01_Legislation\Procurement_Act_2023\undated__UK Government__PDF alternative version__v1.pdf
2026-08-26 02:06:12,651 INFO uk_kb_collector DRY-RUN would store https://www.legislation.gov.uk/uksi/2015/102/regulation/7/data.pdf -> C:\Users\Donny\Desktop\UK-KB-Collector\Knowledge_Base\01_Legislation\Procurement_Act_2023\undated__UK Government__PDF alternative version__v1.pdf
2026-08-26 02:06:14,188 INFO uk_kb_collector DRY-RUN would store https://www.legislation.gov.uk/uksi/2015/102/regulation/8/data.pdf -> C:\Users\Donny\Desktop\UK-KB-Collector\Knowledge_Base\01_Legislation\Procurement_Act_2023\undated__UK Government__PDF alternative version__v1.pdf
2026-08-26 02:06:16,099 INFO uk_kb_collector DRY-RUN would store https://www.legislation.gov.uk/uksi/2016/274/pdfs/uksi_20160274_en.pdf -> C:\Users\Donny\Desktop\UK-KB-Collector\Knowledge_Base\01_Legislation\Legacy_Regulations\undated__UK Government__Gwreiddiol_ Fersiwn Argraffydd y Brenin__v1.pdf
2026-08-26 02:06:17,669 INFO uk_kb_collector DRY-RUN would store https://www.legislation.gov.uk/uksi/2016/274/contents/data.pdf -> C:\Users\Donny\Desktop\UK-KB-Collector\Knowledge_Base\01_Legislation\Legacy_Regulations\undated__UK Government__PDF alternative version__v1.pdf
2026-08-26 02:06:18,732 INFO uk_kb_collector DRY-RUN would store https://www.legislation.gov.uk/uksi/2016/274/data.pdf -> C:\Users\Donny\Desktop\UK-KB-Collector\Knowledge_Base\01_Legislation\Procurement_Act_2023\undated__UK Government__PDF The Whole_______Instrument__v1.pdf
2026-08-26 02:06:20,165 INFO uk_kb_collector DRY-RUN would store https://www.legislation.gov.uk/uksi/2016/274/introduction/data.pdf -> C:\Users\Donny\Desktop\UK-KB-Collector\Knowledge_Base\01_Legislation\Procurement_Act_2023\undated__UK Government__PDF alternative version__v1.pdf
2026-08-26 02:06:21,962 INFO uk_kb_collector DRY-RUN would store https://www.legislation.gov.uk/uksi/2016/274/pdfs/uksiem_20160274_en.pdf -> C:\Users\Donny\Desktop\UK-KB-Collector\Knowledge_Base\01_Legislation\Legacy_Regulations\undated__Cabinet Office__UK Explanatory Memorandum__v1.pdf
2026-08-26 02:06:24,095 INFO uk_kb_collector DRY-RUN would store https://www.legislation.gov.uk/ukia/2016/72/pdfs/ukia_20160072_en.pdf -> C:\Users\Donny\Desktop\UK-KB-Collector\Knowledge_Base\01_Legislation\Legacy_Regulations\undated__Cabinet Office__Final Impact Assessment__v1.pdf
2026-08-26 02:06:24,561 WARNING pypdf._reader Ignoring wrong pointing object 8 0 (offset 0)
2026-08-26 02:06:24,561 WARNING pypdf._reader Ignoring wrong pointing object 10 0 (offset 0)
2026-08-26 02:06:24,562 WARNING pypdf._reader Ignoring wrong pointing object 12 0 (offset 0)
2026-08-26 02:06:24,562 WARNING pypdf._reader Ignoring wrong pointing object 22 0 (offset 0)
2026-08-26 02:06:24,562 WARNING pypdf._reader Ignoring wrong pointing object 28 0 (offset 0)
2026-08-26 02:06:24,563 WARNING pypdf._reader Ignoring wrong pointing object 34 0 (offset 0)
2026-08-26 02:06:24,564 WARNING pypdf._reader Ignoring wrong pointing object 8 0 (offset 0)
2026-08-26 02:06:24,564 WARNING pypdf._reader Ignoring wrong pointing object 10 0 (offset 0)
2026-08-26 02:06:24,564 WARNING pypdf._reader Ignoring wrong pointing object 12 0 (offset 0)
2026-08-26 02:06:24,565 WARNING pypdf._reader Ignoring wrong pointing object 22 0 (offset 0)
2026-08-26 02:06:24,565 WARNING pypdf._reader Ignoring wrong pointing object 28 0 (offset 0)
2026-08-26 02:06:24,565 WARNING pypdf._reader Ignoring wrong pointing object 34 0 (offset 0)
2026-08-26 02:06:24,904 INFO uk_kb_collector DRY-RUN would store https://www.legislation.gov.uk/uksi/2016/274/pdfs/uksiod_20160274_en.pdf -> C:\Users\Donny\Desktop\UK-KB-Collector\Knowledge_Base\01_Legislation\Legacy_Regulations\undated__Cabinet Office__Post Implementation Review__v1.pdf
2026-08-26 02:06:26,191 INFO uk_kb_collector DRY-RUN would store https://www.legislation.gov.uk/uksi/2016/274/pdfs/uksitn_20160274_en.pdf -> C:\Users\Donny\Desktop\UK-KB-Collector\Knowledge_Base\01_Legislation\Legacy_Regulations\undated__Cabinet Office__Transposition Note__v1.pdf
2026-08-26 02:06:28,134 INFO uk_kb_collector DRY-RUN would store https://www.legislation.gov.uk/uksi/2016/274/contents/made/data.pdf -> C:\Users\Donny\Desktop\UK-KB-Collector\Knowledge_Base\01_Legislation\Legacy_Regulations\undated__UK Government__PDF alternative version__v1.pdf
2026-08-26 02:06:30,016 INFO uk_kb_collector DRY-RUN would store https://www.legislation.gov.uk/uksi/2016/274/made/data.pdf -> C:\Users\Donny\Desktop\UK-KB-Collector\Knowledge_Base\01_Legislation\Legacy_Regulations\undated__Cabinet Office__PDF The Whole_______Instrument__v1.pdf
2026-08-26 02:06:30,735 INFO uk_kb_collector DRY-RUN would store https://www.legislation.gov.uk/uksi/2016/274/body/data.pdf -> C:\Users\Donny\Desktop\UK-KB-Collector\Knowledge_Base\01_Legislation\Procurement_Act_2023\undated__UK Government__PDF alternative version__v1.pdf
2026-08-26 02:06:32,188 INFO uk_kb_collector DRY-RUN would store https://www.legislation.gov.uk/uksi/2016/274/schedules/data.pdf -> C:\Users\Donny\Desktop\UK-KB-Collector\Knowledge_Base\01_Legislation\Procurement_Act_2023\undated__UK Government__PDF alternative version__v1.pdf
2026-08-26 02:06:33,764 INFO uk_kb_collector DRY-RUN would store https://www.legislation.gov.uk/uksi/2016/274/part/1/data.pdf -> C:\Users\Donny\Desktop\UK-KB-Collector\Knowledge_Base\01_Legislation\Procurement_Act_2023\undated__UK Government__PDF The Whole_______Part__v1.pdf
2026-08-26 02:06:35,267 INFO uk_kb_collector DRY-RUN would store https://www.legislation.gov.uk/uksi/2016/274/part/1/chapter/1/data.pdf -> C:\Users\Donny\Desktop\UK-KB-Collector\Knowledge_Base\01_Legislation\Procurement_Act_2023\undated__UK Government__PDF The Whole__________Chapter__v1.pdf
2026-08-26 02:06:36,745 INFO uk_kb_collector DRY-RUN would store https://www.legislation.gov.uk/uksi/2016/274/regulation/1/data.pdf -> C:\Users\Donny\Desktop\UK-KB-Collector\Knowledge_Base\01_Legislation\Procurement_Act_2023\undated__UK Government__PDF alternative version__v1.pdf
2026-08-26 02:06:38,260 INFO uk_kb_collector DRY-RUN would store https://www.legislation.gov.uk/uksi/2016/274/regulation/2/data.pdf -> C:\Users\Donny\Desktop\UK-KB-Collector\Knowledge_Base\01_Legislation\Procurement_Act_2023\undated__UK Government__PDF alternative version__v1.pdf
2026-08-26 02:06:39,780 INFO uk_kb_collector DRY-RUN would store https://www.legislation.gov.uk/uksi/2016/274/regulation/3/data.pdf -> C:\Users\Donny\Desktop\UK-KB-Collector\Knowledge_Base\01_Legislation\Procurement_Act_2023\undated__UK Government__PDF alternative version__v1.pdf
2026-08-26 02:06:41,318 INFO uk_kb_collector DRY-RUN would store https://www.legislation.gov.uk/uksi/2016/274/regulation/4/data.pdf -> C:\Users\Donny\Desktop\UK-KB-Collector\Knowledge_Base\01_Legislation\Procurement_Act_2023\undated__UK Government__PDF alternative version__v1.pdf
2026-08-26 02:06:42,835 INFO uk_kb_collector DRY-RUN would store https://www.legislation.gov.uk/uksi/2016/274/regulation/5/data.pdf -> C:\Users\Donny\Desktop\UK-KB-Collector\Knowledge_Base\01_Legislation\Procurement_Act_2023\undated__UK Government__PDF alternative version__v1.pdf
2026-08-26 02:06:44,300 INFO uk_kb_collector DRY-RUN would store https://www.legislation.gov.uk/uksi/2016/274/regulation/6/data.pdf -> C:\Users\Donny\Desktop\UK-KB-Collector\Knowledge_Base\01_Legislation\Procurement_Act_2023\undated__UK Government__PDF alternative version__v1.pdf
2026-08-26 02:06:45,820 INFO uk_kb_collector DRY-RUN would store https://www.legislation.gov.uk/uksi/2016/274/regulation/7/data.pdf -> C:\Users\Donny\Desktop\UK-KB-Collector\Knowledge_Base\01_Legislation\Procurement_Act_2023\undated__UK Government__PDF alternative version__v1.pdf
2026-08-26 02:06:47,336 INFO uk_kb_collector DRY-RUN would store https://www.legislation.gov.uk/uksi/2016/274/part/1/chapter/2/data.pdf -> C:\Users\Donny\Desktop\UK-KB-Collector\Knowledge_Base\01_Legislation\Procurement_Act_2023\undated__UK Government__PDF The Whole__________Chapter__v1.pdf
2026-08-26 02:06:48,844 INFO uk_kb_collector DRY-RUN would store https://www.legislation.gov.uk/uksi/2016/274/regulation/8/data.pdf -> C:\Users\Donny\Desktop\UK-KB-Collector\Knowledge_Base\01_Legislation\Procurement_Act_2023\undated__UK Government__PDF alternative version__v1.pdf
2026-08-26 02:06:50,276 INFO uk_kb_collector DRY-RUN would store https://www.legislation.gov.uk/uksi/2016/274/regulation/9/data.pdf -> C:\Users\Donny\Desktop\UK-KB-Collector\Knowledge_Base\01_Legislation\Procurement_Act_2023\undated__UK Government__PDF alternative version__v1.pdf
2026-08-26 02:06:51,820 INFO uk_kb_collector DRY-RUN would store https://www.legislation.gov.uk/uksi/2016/274/regulation/10/data.pdf -> C:\Users\Donny\Desktop\UK-KB-Collector\Knowledge_Base\01_Legislation\Procurement_Act_2023\undated__UK Government__PDF alternative version__v1.pdf
2026-08-26 02:06:53,312 INFO uk_kb_collector DRY-RUN would store https://www.legislation.gov.uk/uksi/2016/274/regulation/11/data.pdf -> C:\Users\Donny\Desktop\UK-KB-Collector\Knowledge_Base\01_Legislation\Procurement_Act_2023\undated__UK Government__PDF alternative version__v1.pdf
2026-08-26 02:06:54,814 INFO uk_kb_collector DRY-RUN would store https://www.legislation.gov.uk/uksi/2016/274/regulation/12/data.pdf -> C:\Users\Donny\Desktop\UK-KB-Collector\Knowledge_Base\01_Legislation\Procurement_Act_2023\undated__UK Government__PDF alternative version__v1.pdf
2026-08-26 02:06:56,320 INFO uk_kb_collector DRY-RUN would store https://www.legislation.gov.uk/uksi/2016/274/part/2/data.pdf -> C:\Users\Donny\Desktop\UK-KB-Collector\Knowledge_Base\01_Legislation\Procurement_Act_2023\undated__UK Government__PDF alternative version__v1.pdf
2026-08-26 02:06:58,256 INFO uk_kb_collector DRY-RUN would store https://www.legislation.gov.uk/uksi/2016/273/pdfs/uksi_20160273_en.pdf -> C:\Users\Donny\Desktop\UK-KB-Collector\Knowledge_Base\01_Legislation\Legacy_Regulations\undated__Cabinet Office__Gwreiddiol_ Fersiwn Argraffydd y Brenin__v1.pdf
2026-08-26 02:06:59,571 INFO uk_kb_collector DRY-RUN would store https://www.legislation.gov.uk/uksi/2016/273/contents/data.pdf -> C:\Users\Donny\Desktop\UK-KB-Collector\Knowledge_Base\01_Legislation\Legacy_Regulations\undated__UK Government__PDF alternative version__v1.pdf
2026-08-26 02:07:00,845 INFO uk_kb_collector DRY-RUN would store https://www.legislation.gov.uk/uksi/2016/273/data.pdf -> C:\Users\Donny\Desktop\UK-KB-Collector\Knowledge_Base\01_Legislation\Procurement_Act_2023\undated__UK Government__PDF The Whole_______Instrument__v1.pdf
2026-08-26 02:07:02,366 INFO uk_kb_collector DRY-RUN would store https://www.legislation.gov.uk/uksi/2016/273/introduction/data.pdf -> C:\Users\Donny\Desktop\UK-KB-Collector\Knowledge_Base\01_Legislation\Procurement_Act_2023\undated__UK Government__PDF alternative version__v1.pdf
2026-08-26 02:07:04,460 INFO uk_kb_collector DRY-RUN would store https://www.legislation.gov.uk/uksi/2016/273/pdfs/uksiem_20160273_en.pdf -> C:\Users\Donny\Desktop\UK-KB-Collector\Knowledge_Base\01_Legislation\Legacy_Regulations\undated__Cabinet Office__UK Explanatory Memorandum__v1.pdf
2026-08-26 02:07:05,910 INFO uk_kb_collector DRY-RUN would store https://www.legislation.gov.uk/ukia/2015/334/pdfs/ukia_20150334_en.pdf -> C:\Users\Donny\Desktop\UK-KB-Collector\Knowledge_Base\01_Legislation\Legacy_Regulations\undated__Cabinet Office__Final Impact Assessment__v1.pdf
2026-08-26 02:07:06,885 INFO uk_kb_collector DRY-RUN would store https://www.legislation.gov.uk/uksi/2016/273/pdfs/uksitn_20160273_en.pdf -> C:\Users\Donny\Desktop\UK-KB-Collector\Knowledge_Base\01_Legislation\Legacy_Regulations\undated__UK Government__Transposition Note__v1.pdf
2026-08-26 02:07:08,631 INFO uk_kb_collector DRY-RUN would store https://www.legislation.gov.uk/uksi/2016/273/contents/made/data.pdf -> C:\Users\Donny\Desktop\UK-KB-Collector\Knowledge_Base\01_Legislation\Legacy_Regulations\undated__UK Government__PDF alternative version__v1.pdf
2026-08-26 02:07:10,387 INFO uk_kb_collector DRY-RUN would store https://www.legislation.gov.uk/uksi/2016/273/made/data.pdf -> C:\Users\Donny\Desktop\UK-KB-Collector\Knowledge_Base\01_Legislation\Legacy_Regulations\undated__Cabinet Office__PDF The Whole_______Instrument__v1.pdf
2026-08-26 02:07:11,349 INFO uk_kb_collector DRY-RUN would store https://www.legislation.gov.uk/uksi/2016/273/body/data.pdf -> C:\Users\Donny\Desktop\UK-KB-Collector\Knowledge_Base\01_Legislation\Procurement_Act_2023\undated__UK Government__PDF alternative version__v1.pdf
2026-08-26 02:07:12,869 INFO uk_kb_collector DRY-RUN would store https://www.legislation.gov.uk/uksi/2016/273/schedules/data.pdf -> C:\Users\Donny\Desktop\UK-KB-Collector\Knowledge_Base\01_Legislation\Procurement_Act_2023\undated__UK Government__PDF alternative version__v1.pdf
2026-08-26 02:07:15,148 INFO uk_kb_collector DRY-RUN would store https://www.legislation.gov.uk/uksi/2016/273/part/1/data.pdf -> C:\Users\Donny\Desktop\UK-KB-Collector\Knowledge_Base\01_Legislation\Procurement_Act_2023\undated__UK Government__PDF The Whole_______Part__v1.pdf
2026-08-26 02:07:15,894 INFO uk_kb_collector DRY-RUN would store https://www.legislation.gov.uk/uksi/2016/273/regulation/1/data.pdf -> C:\Users\Donny\Desktop\UK-KB-Collector\Knowledge_Base\01_Legislation\Procurement_Act_2023\undated__UK Government__PDF alternative version__v1.pdf
2026-08-26 02:07:17,380 INFO uk_kb_collector DRY-RUN would store https://www.legislation.gov.uk/uksi/2016/273/regulation/2/data.pdf -> C:\Users\Donny\Desktop\UK-KB-Collector\Knowledge_Base\01_Legislation\Procurement_Act_2023\undated__UK Government__PDF alternative version__v1.pdf
2026-08-26 02:07:19,032 INFO uk_kb_collector DRY-RUN would store https://www.legislation.gov.uk/uksi/2016/273/regulation/3/data.pdf -> C:\Users\Donny\Desktop\UK-KB-Collector\Knowledge_Base\01_Legislation\Procurement_Act_2023\undated__UK Government__PDF alternative version__v1.pdf
2026-08-26 02:07:20,430 INFO uk_kb_collector DRY-RUN would store https://www.legislation.gov.uk/uksi/2016/273/regulation/4/data.pdf -> C:\Users\Donny\Desktop\UK-KB-Collector\Knowledge_Base\01_Legislation\Procurement_Act_2023\undated__UK Government__PDF alternative version__v1.pdf
2026-08-26 02:07:21,855 INFO uk_kb_collector DRY-RUN would store https://www.legislation.gov.uk/uksi/2016/273/regulation/5/data.pdf -> C:\Users\Donny\Desktop\UK-KB-Collector\Knowledge_Base\01_Legislation\Procurement_Act_2023\undated__UK Government__PDF alternative version__v1.pdf
2026-08-26 02:07:23,412 INFO uk_kb_collector DRY-RUN would store https://www.legislation.gov.uk/uksi/2016/273/regulation/6/data.pdf -> C:\Users\Donny\Desktop\UK-KB-Collector\Knowledge_Base\01_Legislation\Procurement_Act_2023\undated__UK Government__PDF alternative version__v1.pdf
2026-08-26 02:07:24,873 INFO uk_kb_collector DRY-RUN would store https://www.legislation.gov.uk/uksi/2016/273/part/2/data.pdf -> C:\Users\Donny\Desktop\UK-KB-Collector\Knowledge_Base\01_Legislation\Procurement_Act_2023\undated__UK Government__PDF The Whole_______Part__v1.pdf
2026-08-26 02:07:26,381 INFO uk_kb_collector DRY-RUN would store https://www.legislation.gov.uk/uksi/2016/273/part/2/chapter/1/data.pdf -> C:\Users\Donny\Desktop\UK-KB-Collector\Knowledge_Base\01_Legislation\Procurement_Act_2023\undated__UK Government__PDF The Whole__________Chapter__v1.pdf
2026-08-26 02:07:27,984 INFO uk_kb_collector DRY-RUN would store https://www.legislation.gov.uk/uksi/2016/273/regulation/7/data.pdf -> C:\Users\Donny\Desktop\UK-KB-Collector\Knowledge_Base\01_Legislation\Procurement_Act_2023\undated__UK Government__PDF alternative version__v1.pdf
2026-08-26 02:07:29,380 INFO uk_kb_collector DRY-RUN would store https://www.legislation.gov.uk/uksi/2016/273/regulation/8/data.pdf -> C:\Users\Donny\Desktop\UK-KB-Collector\Knowledge_Base\01_Legislation\Procurement_Act_2023\undated__UK Government__PDF alternative version__v1.pdf
2026-08-26 02:07:30,915 INFO uk_kb_collector DRY-RUN would store https://www.legislation.gov.uk/uksi/2016/273/regulation/9/data.pdf -> C:\Users\Donny\Desktop\UK-KB-Collector\Knowledge_Base\01_Legislation\Procurement_Act_2023\undated__UK Government__PDF alternative version__v1.pdf
2026-08-26 02:07:33,948 ERROR uk_kb_collector https://www.legislation.gov.uk/uksi/2016/273/regulation/9A/data.pdf :: ValueError: file does not start with PDF magic bytes
2026-08-26 02:07:34,328 INFO uk_kb_collector DRY-RUN would store https://www.legislation.gov.uk/uksi/2016/273/part/2/chapter/2/data.pdf -> C:\Users\Donny\Desktop\UK-KB-Collector\Knowledge_Base\01_Legislation\Procurement_Act_2023\undated__UK Government__PDF The Whole__________Chapter__v1.pdf
2026-08-26 02:07:35,825 ERROR uk_kb_collector https://www.legislation.gov.uk/uksi/2016/273/regulation/10/data.pdf :: ValueError: file does not start with PDF magic bytes
2026-08-26 02:07:37,327 ERROR uk_kb_collector https://www.legislation.gov.uk/uksi/2016/273/regulation/11/data.pdf :: ValueError: file does not start with PDF magic bytes
2026-08-26 02:07:38,841 INFO uk_kb_collector DRY-RUN would store https://www.legislation.gov.uk/uksi/2011/1848/pdfs/uksi_20111848_en.pdf -> C:\Users\Donny\Desktop\UK-KB-Collector\Knowledge_Base\01_Legislation\Legacy_Regulations\undated__UK Government__Gwreiddiol_ Fersiwn Argraffydd y Brenin__v1.pdf
2026-08-26 02:07:40,561 INFO uk_kb_collector DRY-RUN would store https://www.legislation.gov.uk/uksi/2011/1848/contents/data.pdf -> C:\Users\Donny\Desktop\UK-KB-Collector\Knowledge_Base\01_Legislation\Legacy_Regulations\undated__UK Government__PDF alternative version__v1.pdf
2026-08-26 02:07:41,832 INFO uk_kb_collector DRY-RUN would store https://www.legislation.gov.uk/uksi/2011/1848/data.pdf -> C:\Users\Donny\Desktop\UK-KB-Collector\Knowledge_Base\01_Legislation\Procurement_Act_2023\undated__UK Government__PDF The Whole_______Instrument__v1.pdf
2026-08-26 02:07:43,315 INFO uk_kb_collector DRY-RUN would store https://www.legislation.gov.uk/uksi/2011/1848/introduction/data.pdf -> C:\Users\Donny\Desktop\UK-KB-Collector\Knowledge_Base\01_Legislation\Procurement_Act_2023\undated__UK Government__PDF alternative version__v1.pdf
2026-08-26 02:07:44,733 INFO uk_kb_collector DRY-RUN would store https://www.legislation.gov.uk/uksi/2011/1848/pdfs/uksiem_20111848_en.pdf -> C:\Users\Donny\Desktop\UK-KB-Collector\Knowledge_Base\01_Legislation\Legacy_Regulations\undated__Cabinet Office__Explanatory Memorandum__v1.pdf
2026-08-26 02:07:46,346 INFO uk_kb_collector DRY-RUN would store https://www.legislation.gov.uk/ukia/2011/380/pdfs/ukia_20110380_en.pdf -> C:\Users\Donny\Desktop\UK-KB-Collector\Knowledge_Base\01_Legislation\Legacy_Regulations\undated__UK Government__Final Impact Assessment__v1.pdf
2026-08-26 02:07:48,184 INFO uk_kb_collector DRY-RUN would store https://www.legislation.gov.uk/uksi/2011/1848/contents/made/data.pdf -> C:\Users\Donny\Desktop\UK-KB-Collector\Knowledge_Base\01_Legislation\Legacy_Regulations\undated__UK Government__PDF alternative version__v1.pdf
2026-08-26 02:07:50,014 INFO uk_kb_collector DRY-RUN would store https://www.legislation.gov.uk/uksi/2011/1848/made/data.pdf -> C:\Users\Donny\Desktop\UK-KB-Collector\Knowledge_Base\01_Legislation\Legacy_Regulations\undated__UK Government__PDF The Whole_______Instrument__v1.pdf
2026-08-26 02:07:50,868 INFO uk_kb_collector DRY-RUN would store https://www.legislation.gov.uk/uksi/2011/1848/body/data.pdf -> C:\Users\Donny\Desktop\UK-KB-Collector\Knowledge_Base\01_Legislation\Procurement_Act_2023\undated__UK Government__PDF alternative version__v1.pdf
2026-08-26 02:07:52,354 INFO uk_kb_collector DRY-RUN would store https://www.legislation.gov.uk/uksi/2011/1848/schedules/data.pdf -> C:\Users\Donny\Desktop\UK-KB-Collector\Knowledge_Base\01_Legislation\Procurement_Act_2023\undated__UK Government__PDF alternative version__v1.pdf
2026-08-26 02:07:53,911 INFO uk_kb_collector DRY-RUN would store https://www.legislation.gov.uk/uksi/2011/1848/part/1/data.pdf -> C:\Users\Donny\Desktop\UK-KB-Collector\Knowledge_Base\01_Legislation\Procurement_Act_2023\undated__UK Government__PDF The Whole_______Part__v1.pdf
2026-08-26 02:07:55,388 INFO uk_kb_collector DRY-RUN would store https://www.legislation.gov.uk/uksi/2011/1848/regulation/1/data.pdf -> C:\Users\Donny\Desktop\UK-KB-Collector\Knowledge_Base\01_Legislation\Procurement_Act_2023\undated__UK Government__PDF alternative version__v1.pdf
2026-08-26 02:07:56,881 INFO uk_kb_collector DRY-RUN would store https://www.legislation.gov.uk/uksi/2011/1848/regulation/2/data.pdf -> C:\Users\Donny\Desktop\UK-KB-Collector\Knowledge_Base\01_Legislation\Procurement_Act_2023\undated__UK Government__PDF alternative version__v1.pdf
2026-08-26 02:07:58,464 INFO uk_kb_collector DRY-RUN would store https://www.legislation.gov.uk/uksi/2011/1848/regulation/3/data.pdf -> C:\Users\Donny\Desktop\UK-KB-Collector\Knowledge_Base\01_Legislation\Procurement_Act_2023\undated__UK Government__PDF alternative version__v1.pdf
2026-08-26 02:07:59,928 INFO uk_kb_collector DRY-RUN would store https://www.legislation.gov.uk/uksi/2011/1848/regulation/4/data.pdf -> C:\Users\Donny\Desktop\UK-KB-Collector\Knowledge_Base\01_Legislation\Procurement_Act_2023\undated__UK Government__PDF alternative version__v1.pdf
2026-08-26 02:08:01,439 INFO uk_kb_collector DRY-RUN would store https://www.legislation.gov.uk/uksi/2011/1848/regulation/5/data.pdf -> C:\Users\Donny\Desktop\UK-KB-Collector\Knowledge_Base\01_Legislation\Procurement_Act_2023\undated__UK Government__PDF alternative version__v1.pdf
2026-08-26 02:08:02,984 INFO uk_kb_collector DRY-RUN would store https://www.legislation.gov.uk/uksi/2011/1848/regulation/6/data.pdf -> C:\Users\Donny\Desktop\UK-KB-Collector\Knowledge_Base\01_Legislation\Procurement_Act_2023\undated__UK Government__PDF alternative version__v1.pdf
2026-08-26 02:08:04,481 INFO uk_kb_collector DRY-RUN would store https://www.legislation.gov.uk/uksi/2011/1848/regulation/7/data.pdf -> C:\Users\Donny\Desktop\UK-KB-Collector\Knowledge_Base\01_Legislation\Procurement_Act_2023\undated__UK Government__PDF alternative version__v1.pdf
2026-08-26 02:08:06,124 INFO uk_kb_collector DRY-RUN would store https://www.legislation.gov.uk/uksi/2011/1848/regulation/8/data.pdf -> C:\Users\Donny\Desktop\UK-KB-Collector\Knowledge_Base\01_Legislation\Procurement_Act_2023\undated__UK Government__PDF alternative version__v1.pdf
2026-08-26 02:08:07,446 INFO uk_kb_collector DRY-RUN would store https://www.legislation.gov.uk/uksi/2011/1848/regulation/9/data.pdf -> C:\Users\Donny\Desktop\UK-KB-Collector\Knowledge_Base\01_Legislation\Procurement_Act_2023\undated__UK Government__PDF alternative version__v1.pdf
2026-08-26 02:08:09,103 INFO uk_kb_collector DRY-RUN would store https://www.legislation.gov.uk/uksi/2011/1848/regulation/10/data.pdf -> C:\Users\Donny\Desktop\UK-KB-Collector\Knowledge_Base\01_Legislation\Procurement_Act_2023\undated__UK Government__PDF alternative version__v1.pdf
2026-08-26 02:08:10,459 INFO uk_kb_collector DRY-RUN would store https://www.legislation.gov.uk/uksi/2011/1848/regulation/11/data.pdf -> C:\Users\Donny\Desktop\UK-KB-Collector\Knowledge_Base\01_Legislation\Procurement_Act_2023\undated__UK Government__PDF alternative version__v1.pdf
2026-08-26 02:08:12,169 INFO uk_kb_collector DRY-RUN would store https://www.legislation.gov.uk/uksi/2011/1848/part/2/data.pdf -> C:\Users\Donny\Desktop\UK-KB-Collector\Knowledge_Base\01_Legislation\Procurement_Act_2023\undated__UK Government__PDF The Whole_______Part__v1.pdf
2026-08-26 02:08:13,551 INFO uk_kb_collector DRY-RUN would store https://www.legislation.gov.uk/uksi/2011/1848/regulation/12/data.pdf -> C:\Users\Donny\Desktop\UK-KB-Collector\Knowledge_Base\01_Legislation\Procurement_Act_2023\undated__UK Government__PDF alternative version__v1.pdf
2026-08-26 02:08:15,097 INFO uk_kb_collector DRY-RUN would store https://www.legislation.gov.uk/uksi/2011/1848/regulation/13/data.pdf -> C:\Users\Donny\Desktop\UK-KB-Collector\Knowledge_Base\01_Legislation\Procurement_Act_2023\undated__UK Government__PDF alternative version__v1.pdf
2026-08-26 02:08:16,372 INFO uk_kb_collector DRY-RUN would store https://www.legislation.gov.uk/ukpga/2012/3/pdfs/ukpga_20120003_en.pdf -> C:\Users\Donny\Desktop\UK-KB-Collector\Knowledge_Base\01_Legislation\Other_Relevant_Legislation\undated__UK Government__Gwreiddiol_ Fersiwn Argraffydd y Brenin__v1.pdf
2026-08-26 02:08:18,098 INFO uk_kb_collector DRY-RUN would store https://www.legislation.gov.uk/ukpga/2012/3/contents/data.pdf -> C:\Users\Donny\Desktop\UK-KB-Collector\Knowledge_Base\01_Legislation\Other_Relevant_Legislation\undated__UK Government__PDF alternative version__v1.pdf
2026-08-26 02:08:20,233 INFO uk_kb_collector DRY-RUN would store https://www.legislation.gov.uk/ukpga/2012/3/data.pdf -> C:\Users\Donny\Desktop\UK-KB-Collector\Knowledge_Base\01_Legislation\Procurement_Act_2023\undated__UK Government__PDF The Whole_______Act__v1.pdf
2026-08-26 02:08:21,196 ERROR uk_kb_collector https://www.legislation.gov.uk/ukpga/2012/3/introduction/data.pdf :: ValueError: file does not start with PDF magic bytes
2026-08-26 02:08:22,402 ERROR uk_kb_collector https://www.legislation.gov.uk/ukpga/2012/3/notes/contents/data.pdf :: ValueError: file does not start with PDF magic bytes
2026-08-26 02:08:24,055 INFO uk_kb_collector DRY-RUN would store https://www.legislation.gov.uk/ukpga/2012/3/notes/data.pdf -> C:\Users\Donny\Desktop\UK-KB-Collector\Knowledge_Base\01_Legislation\Other_Relevant_Legislation\undated__Cabinet Office__PDF The Full Notes__v1.pdf
2026-08-26 02:08:25,598 INFO uk_kb_collector DRY-RUN would store https://www.legislation.gov.uk/ukpga/2012/3/pdfs/ukpgaen_20120003_en.pdf -> C:\Users\Donny\Desktop\UK-KB-Collector\Knowledge_Base\01_Legislation\Other_Relevant_Legislation\undated__Cabinet Office__Nodyn Esboniadol__v1.pdf
2026-08-26 02:08:26,997 ERROR uk_kb_collector https://www.legislation.gov.uk/ukpga/2012/3/contents/enacted/data.pdf :: ValueError: file does not start with PDF magic bytes
2026-08-26 02:08:28,746 INFO uk_kb_collector DRY-RUN would store https://www.legislation.gov.uk/ukpga/2012/3/enacted/data.pdf -> C:\Users\Donny\Desktop\UK-KB-Collector\Knowledge_Base\01_Legislation\Other_Relevant_Legislation\undated__UK Government__PDF The Whole_______Act__v1.pdf
2026-08-26 02:08:30,471 INFO uk_kb_collector DRY-RUN would store https://www.legislation.gov.uk/ukpga/2012/3/section/1/data.pdf -> C:\Users\Donny\Desktop\UK-KB-Collector\Knowledge_Base\01_Legislation\Procurement_Act_2023\undated__UK Government__PDF alternative version__v1.pdf
2026-08-26 02:08:31,525 ERROR uk_kb_collector https://www.legislation.gov.uk/ukpga/2012/3/section/2/data.pdf :: ValueError: file does not start with PDF magic bytes
2026-08-26 02:08:33,010 ERROR uk_kb_collector https://www.legislation.gov.uk/ukpga/2012/3/section/3/data.pdf :: ValueError: file does not start with PDF magic bytes
2026-08-26 02:08:34,725 ERROR uk_kb_collector https://www.legislation.gov.uk/ukpga/2012/3/section/4/data.pdf :: ValueError: file does not start with PDF magic bytes
2026-08-26 02:08:36,012 INFO uk_kb_collector DRY-RUN would store https://www.legislation.gov.uk/cy/ukpga/2012/3/notes/contents/data.pdf -> C:\Users\Donny\Desktop\UK-KB-Collector\Knowledge_Base\01_Legislation\Other_Relevant_Legislation\undated__UK Government__PDF tabl o’r cynnwys__v1.pdf
2026-08-26 02:08:37,429 INFO uk_kb_collector DRY-RUN would store https://www.legislation.gov.uk/cy/ukpga/2012/3/notes/data.pdf -> C:\Users\Donny\Desktop\UK-KB-Collector\Knowledge_Base\01_Legislation\Other_Relevant_Legislation\undated__Cabinet Office__PDF Y Nodiadau Llawn__v1.pdf
2026-08-26 02:08:39,364 INFO uk_kb_collector DRY-RUN would store https://www.legislation.gov.uk/uksi/2025/163/pdfs/uksi_20250163_en.pdf -> C:\Users\Donny\Desktop\UK-KB-Collector\Knowledge_Base\01_Legislation\Procurement_Act_2023\undated__Cabinet Office__Original_ King's Printer Version__v1.pdf
2026-08-26 02:08:40,635 INFO uk_kb_collector DRY-RUN would store https://www.legislation.gov.uk/uksi/2025/163/contents/data.pdf -> C:\Users\Donny\Desktop\UK-KB-Collector\Knowledge_Base\01_Legislation\Procurement_Act_2023\undated__UK Government__PDF alternative version__v1.pdf
2026-08-26 02:08:42,509 INFO uk_kb_collector DRY-RUN would store https://www.legislation.gov.uk/uksi/2025/163/data.pdf -> C:\Users\Donny\Desktop\UK-KB-Collector\Knowledge_Base\01_Legislation\Procurement_Act_2023\undated__Cabinet Office__PDF The Whole_______Instrument__v1.pdf
2026-08-26 02:08:43,697 INFO uk_kb_collector DRY-RUN would store https://www.legislation.gov.uk/uksi/2025/163/introduction/data.pdf -> C:\Users\Donny\Desktop\UK-KB-Collector\Knowledge_Base\01_Legislation\Procurement_Act_2023\undated__Cabinet Office__PDF alternative version__v1.pdf
2026-08-26 02:08:45,194 INFO uk_kb_collector DRY-RUN would store https://www.legislation.gov.uk/uksi/2025/163/pdfs/uksiem_20250163_en_001.pdf -> C:\Users\Donny\Desktop\UK-KB-Collector\Knowledge_Base\01_Legislation\Procurement_Act_2023\undated__Cabinet Office__Gweld PDF__v1.pdf
2026-08-26 02:08:45,312 INFO uk_kb_collector SKBUK sync: {"documents_synced": 0, "documents_missing": 0, "modules_published": 26, "dry_run": true}
2026-08-26 02:08:45,329 INFO uk_kb_collector Finished. report=C:\Users\Donny\Desktop\UK-KB-Collector\Knowledge_Base\09_Logs\report_2026-08-26_0208.md summary={"urls_checked": 438, "pdfs_found": 421, "new": 410, "updated": 0, "skipped": 0, "failed": ["robots.txt disallowed: https://webarchive.nationalarchives.gov.uk/ukgwa/20080305121602/http:/www.hm-treasury.gov.uk/media/3/F/green_book_260907.pdf", "robots.txt disallowed: https://webarchive.nationalarchives.gov.uk/ukgwa/20241207185311/https:/infrastructure.planninginspectorate.gov.uk/wp-content/ipc/uploads/projects/EN010109/EN010109-001912-Norfolk%20Parishes%20Movement%20for%20an%20OTN%20-%20Comments%20on%20Written%20Representations%201.pdf", "https://www.legislation.gov.uk/uksi/2016/273/regulation/9A/data.pdf :: ValueError: file does not start with PDF magic bytes", "https://www.legislation.gov.uk/uksi/2016/273/regulation/10/data.pdf :: ValueError: file does not start with PDF magic bytes", "https://www.legislation.gov.uk/uksi/2016/273/regulation/11/data.pdf :: ValueError: file does not start with PDF magic bytes", "https://www.legislation.gov.uk/ukpga/2012/3/introduction/data.pdf :: ValueError: file does not start with PDF magic bytes", "https://www.legislation.gov.uk/ukpga/2012/3/notes/contents/data.pdf :: ValueError: file does not start with PDF magic bytes", "https://www.legislation.gov.uk/ukpga/2012/3/contents/enacted/data.pdf :: ValueError: file does not start with PDF magic bytes", "https://www.legislation.gov.uk/ukpga/2012/3/section/2/data.pdf :: ValueError: file does not start with PDF magic bytes", "https://www.legislation.gov.uk/ukpga/2012/3/section/3/data.pdf :: ValueError: file does not start with PDF magic bytes", "https://www.legislation.gov.uk/ukpga/2012/3/section/4/data.pdf :: ValueError: file does not start with PDF magic bytes"], "new_docs": [{"title": "Guidance: transitional and saving arrangements (PDF)", "category": "04_NPPS_and_Government_Policy", "publisher": "UK Government", "url": "https://assets.publishing.service.gov.uk/media/68c92f0b5e09a4a59af0bf1c/Guidance_-_Transitional_and_Saving_Arrangements_FINAL_v4_pdf_links__.docx.pdf"}, {"title": "Guidance: Contracting Authority definition (PDF)", "category": "04_NPPS_and_Government_Policy", "publisher": "UK Government", "url": "https://assets.publishing.service.gov.uk/media/69df7abe61d2e8e9b9e42d5c/2026-04-15_-_Guidance_-_Contracting_Authority_Definition.V1.pdf_links.docx.pdf"}, {"title": "Guidance: Covered Procurement definition (PDF)", "category": "04_NPPS_and_Government_Policy", "publisher": "UK Government", "url": "https://assets.publishing.service.gov.uk/media/68c942ddde855c02ab517b63/Guidance_-_Covered_Procurement_pdf_links_.docx.pdf"}, {"title": "Guidance: Exempted Contracts (PDF)", "category": "04_NPPS_and_Government_Policy", "publisher": "UK Government", "url": "https://assets.publishing.service.gov.uk/media/691c50d784a267da57d70693/10-06-2025_-_Guidance_-_Exempted_Contracts_FINAL.V2._pdf_links_.docx.pdf"}, {"title": "Guidance: National Procurement Policy Statement (PDF)", "category": "04_NPPS_and_Government_Policy", "publisher": "UK Government", "url": "https://assets.publishing.service.gov.uk/media/685d68a5e44db4975be00aef/Guidance_-_NPPS_pdf_links_.docx.pdf"}, {"title": "Guidance: Pipeline Notice (PDF)", "category": "04_NPPS_and_Government_Policy", "publisher": "UK Government", "url": "https://assets.publishing.service.gov.uk/media/6823577af58b0afa5e043979/Guidance_-_pipeline_notice_v2_FINAL_pdf_links_.pdf"}, {"title": "Guidance - Utilities Contracts (PDF)", "category": "04_NPPS_and_Government_Policy", "publisher": "UK Government", "url": "https://assets.publishing.service.gov.uk/media/691c5c1b5a253e2c40d706a8/09-06-2025_-_Guidance_-_Utilities_Contracts_FINAL.V2._pdf_links_.docx.pdf"}, {"title": "Guidance - Defence and Security Contracts (PDF)", "category": "04_NPPS_and_Government_Policy", "publisher": "UK Government", "url": "https://assets.publishing.service.gov.uk/media/68ca833f1eabc899da7084a4/Guidance_-_defence_and_security_provisions_FINAL_v2_pdf_links_.docx.pdf"}, {"title": "Guidance - Concession Contracts (PDF)", "category": "04_NPPS_and_Government_Policy", "publisher": "UK Government", "url": "https://assets.publishing.service.gov.uk/media/68ca89245e09a4a59af0bfc6/Guidance_-_Concession_Contracts_FINAL_pdf_links_.docx.pdf"}, {"title": "Guidance - Light Touch Contracts (PDF)", "category": "04_NPPS_and_Government_Policy", "publisher": "UK Government", "url": "https://assets.publishing.service.gov.uk/media/68e79c8d1c8b2a3b506907a4/Guidance_-_Light_Touch_Contracts_FINAL_pdf_links_.docx.pdf"}, {"title": "Guidance - Reserving Contracts for Supported Employment Providers (PDF)", "category": "04_NPPS_and_Government_Policy", "publisher": "UK Government", "url": "https://assets.publishing.service.gov.uk/media/68e79f68187483de54d766b5/Guidance_-_Reserved_contracts_for_Supported_Employment_FINAL.docx_pdf_links_.pdf"}, {"title": "Guidance: Devolved Contracting Authorities (PDF)", "category": "04_NPPS_and_Government_Policy", "publisher": "UK Government", "url": "https://assets.publishing.service.gov.uk/media/68c94421c6df905ce7708420/Guidance_-_Devolved_Contracting_Authority_FINAL_pdf_links_.docx.pdf"}, {"title": "Guidance: Covered Procurement Objectives (PDF)", "category": "04_NPPS_and_Government_Policy", "publisher": "UK Government", "url": "https://assets.publishing.service.gov.uk/media/68ca7e2c2fe4b313286c9fad/Guidance_-_Covered_Procurement_Objectives_FINAL.docx_pdf_links_.pdf"}, {"title": "Guidance: Valuation of Contracts (PDF)", "category": "04_NPPS_and_Government_Policy", "publisher": "UK Government", "url": "https://assets.publishing.service.gov.uk/media/68e7a089cf65bd04bad766c5/Guidance_-_Valuation_of_Contracts_v2_FINAL_pdf_links_.docx.pdf"}, {"title": "Guidance: Thresholds (PDF)", "category": "04_NPPS_and_Government_Policy", "publisher": "UK Government", "url": "https://assets.publishing.service.gov.uk/media/6a549fdc1228eb26a4cab7e8/2025-10-09_-_PA23_Guidance_-_Thresholds.FINAL.Ver2.pdf_links.pdf"}, {"title": "Guidance: Mixed Procurement (PDF)", "category": "04_NPPS_and_Government_Policy", "publisher": "UK Government", "url": "https://assets.publishing.service.gov.uk/media/68e8bfb9e5f463a62cb98622/Guidance_-_Mixed_Procurement__8__pdf_links_.docx.pdf"}, {"title": "Guidance: Planned Procurement Notice (PDF)", "category": "04_NPPS_and_Government_Policy", "publisher": "UK Government", "url": "https://assets.publishing.service.gov.uk/media/6903769520da736e6591314b/Guidance_-_Planned_Procurement_Notice_pdf_links_.docx.pdf"}, {"title": "Guidance: Preliminary Market Engagement (PDF)", "category": "04_NPPS_and_Government_Policy", "publisher": "UK Government", "url": "https://assets.publishing.service.gov.uk/media/6888da89048fff613a4d5b02/Guidance_-_Preliminary_Market_Engagement_pdf_links_.docx.pdf"}, {"title": "Guidance: Technical Specifications (PDF)", "category": "04_NPPS_and_Government_Policy", "publisher": "UK Government", "url": "https://assets.publishing.service.gov.uk/media/69037ebcfabc9f10a832a884/Guidance_-_Technical_Specifications_pdf_links_.docx.pdf"}, {"title": "Guidance: Direct Award (PDF)", "category": "04_NPPS_and_Government_Policy", "publisher": "UK Government", "url": "https://assets.publishing.service.gov.uk/media/691c7388e39a085bda43eef0/05-11-2025_-_Guidance_-_Direct_Award_FINAL.V1._pdf_links_.docx.pdf"}, {"title": "Guidance: Competitive Tendering Procedures (PDF)", "category": "04_NPPS_and_Government_Policy", "publisher": "UK Government", "url": "https://assets.publishing.service.gov.uk/media/690b439214b040dfe8292311/Guidance_-_Competitive_Tendering_Procedures_FINAL_pdf_links_.docx.pdf"}, {"title": "Guidance: Below-Threshold Contracts (PDF)", "category": "04_NPPS_and_Government_Policy", "publisher": "UK Government", "url": "https://assets.publishing.service.gov.uk/media/69aeb1946827004e30b8a52a/2026-03-04_-_Guidance_-_Below_Threshold_FINAL_pdf_links_.docx.pdf"}, {"title": "Guidance: Frameworks (PDF)", "category": "04_NPPS_and_Government_Policy", "publisher": "UK Government", "url": "https://assets.publishing.service.gov.uk/media/674ee2618b522bba9d991a84/Guidance_-_Frameworks_FINAL_v2.pdf"}, {"title": "Guidance: Dynamic Markets (PDF)", "category": "04_NPPS_and_Government_Policy", "publisher": "UK Government", "url": "https://assets.publishing.service.gov.uk/media/69f9ce76f3cc3464824ecaee/2026-05-05_Guidance_-_Dynamic_markets_FINAL.v2.pdf_links.docx.pdf"}, {"title": "Guidance: Lots (PDF)", "category": "04_NPPS_and_Government_Policy", "publisher": "UK Government", "url": "https://assets.publishing.service.gov.uk/media/690b5d8688a98da87e292324/Guidance_-_Lots_FINAL_pdf_links_.docx.pdf"}, {"title": "Guidance: Treaty State Suppliers (PDF)", "category": "04_NPPS_and_Government_Policy", "publisher": "UK Government", "url": "https://assets.publishing.service.gov.uk/media/6903873de2ebc0fb39a52032/Guidance_-_Treaty_State_Suppliers_FINAL_pdf_links_.docx.pdf"}, {"title": "Guidance: Conflicts of Interest (PDF)", "category": "04_NPPS_and_Government_Policy", "publisher": "UK Government", "url": "https://assets.publishing.service.gov.uk/media/690b5e7014b040dfe829232b/Guidance_-_Conflicts_of_Interest_FINAL_pdf_links_.docx.pdf"}, {"title": "Guidance: Modifying a Competitive Procurement (PDF)", "category": "02_Statutory_Guidance", "publisher": "UK Government", "url": "https://assets.publishing.service.gov.uk/media/690cb89d68fffdd77951ab2a/Guidance_-_Modifying_a_Competitive_Procurement_FINAL_pdf_links_.docx.pdf"}, {"title": "Guidance: Time Periods (PDF)", "category": "02_Statutory_Guidance", "publisher": "UK Government", "url": "https://assets.publishing.service.gov.uk/media/691f1809c62d57eb3a710820/Guidance_-_Time_Periods_FINALv2_pdf_links_.docx.pdf"}, {"title": "Guidance: Assessing Competitive Tenders (PDF)", "category": "02_Statutory_Guidance", "publisher": "UK Government", "url": "https://assets.publishing.service.gov.uk/media/690cb65edad669f061d46b5a/Guidance_-_Assessing_Competitive_Tenders_FINAL_pdf_links_.docx.pdf"}, {"title": "Guidance: Conditions of Participation (PDF)", "category": "02_Statutory_Guidance", "publisher": "UK Government", "url": "https://assets.publishing.service.gov.uk/media/69e649833e3b4e9340cc92f7/2026-04-20_-_Guidance_-_Conditions_of_Participation_FINAL_pdf_links_.docx.pdf"}, {"title": "Guidance: Procurement Termination Notices (PDF)", "category": "02_Statutory_Guidance", "publisher": "UK Government", "url": "https://assets.publishing.service.gov.uk/media/690cb965d4c5f31272d3e6c2/Guidance_-_Procurement_Termination_Notices_FINAL_pdf_links_.docx.pdf"}, {"title": "Guidance: Exclusions (PDF)", "category": "02_Statutory_Guidance", "publisher": "UK Government", "url": "https://assets.publishing.service.gov.uk/media/66bf4353dcb0757928e5bd23/Guidance_-_Exclusions_FINAL_v.2.pdf"}, {"title": "Guidance: Debarment (PDF)", "category": "02_Statutory_Guidance", "publisher": "Cabinet Office", "url": "https://assets.publishing.service.gov.uk/media/6a749f875a472b60f4ea6d04/2026-08-06_-_PA23_Guidance_-_Debarment.V2.PDF_links.pdf"}, {"title": "Guidance: Remedies (PDF)", "category": "02_Statutory_Guidance", "publisher": "UK Government", "url": "https://assets.publishing.service.gov.uk/media/691f3005c62d57eb3a710837/Guidance_-_Remedies_v2_FINAL_pdf_links_.docx.pdf"}, {"title": "Guidance: Assessment Summaries (PDF)", "category": "02_Statutory_Guidance", "publisher": "UK Government", "url": "https://assets.publishing.service.gov.uk/media/6915d993bc34c86ce4e6e759/Guidance_-_Assessment_Summaries_FINAL_pdf_links_.docx.pdf"}, {"title": "Guidance: Contract Award Notices and Standstill (PDF)", "category": "02_Statutory_Guidance", "publisher": "UK Government", "url": "https://assets.publishing.service.gov.uk/media/6915ddb8493305b49ce6e76b/Guidance_-_Contract_Award_Notices_and_Standstill_pdf_links_.docx.pdf"}, {"title": "Guidance: Procurement Oversight (PDF)", "category": "02_Statutory_Guidance", "publisher": "Cabinet Office", "url": "https://assets.publishing.service.gov.uk/media/6a831ff592ec93e1e0329aae/2026-08-17_-_PA23_Guidance_-_Procurement_Oversight_FINAL.V2.PDF.links.pdf"}, {"title": "Guidance: Contract Details Notices (PDF)", "category": "02_Statutory_Guidance", "publisher": "UK Government", "url": "https://assets.publishing.service.gov.uk/media/6915e06fdb01ecfcf96fc92d/Guidance_on_Contract_Details_Notices_FINAL_pdf_links_.docx.pdf"}, {"title": "Guidance: Electronic Communications (PDF)", "category": "02_Statutory_Guidance", "publisher": "UK Government", "url": "https://assets.publishing.service.gov.uk/media/690cb7df276dd02bc451ab3f/_Guidance_-_Electronic_Communications_FINAL_pdf_links_.docx.pdf"}, {"title": "Guidance: Central Digital Platform and Publication of Information (PDF)", "category": "02_Statutory_Guidance", "publisher": "UK Government", "url": "https://assets.publishing.service.gov.uk/media/6a2818f8f553ec11122217f8/2026-05-05_-_Guidance_-_Central_Digital_Platform_and_Publication_of_Information_FINAL.V2._pdf_links_.pdf"}, {"title": "Guidance: Exclusions Annex 2: National Security Grounds (PDF)", "category": "02_Statutory_Guidance", "publisher": "Cabinet Office", "url": "https://assets.publishing.service.gov.uk/media/6a3a8e6beaee00074150f27e/Guidance_-_Exclusions_Annex_2_National_Security_Grounds_FINAL_.pdf"}, {"title": "Guidance: Contract Termination (PDF)", "category": "02_Statutory_Guidance", "publisher": "UK Government", "url": "https://assets.publishing.service.gov.uk/media/69dfae476c6ccf244be42ddb/2026-04-15_-_Guidance_-_Contract_Terminations_FINAL_pdf_links_.docx.pdf"}, {"title": "Guidance: Key Performance Indicators (PDF)", "category": "02_Statutory_Guidance", "publisher": "UK Government", "url": "https://assets.publishing.service.gov.uk/media/69e6437e3e3b4e9340cc92f3/2026-04-20_-_Guidance_-_KPIs_FINAL_pdf_links_.docx.pdf"}, {"title": "Guidance: Contract Performance Notices (PDF)", "category": "02_Statutory_Guidance", "publisher": "UK Government", "url": "https://assets.publishing.service.gov.uk/media/685d6178e44db4975be00ae3/Guidance_-_Contract_Performance_Notices_FINAL_pdf_links__.docx.pdf"}, {"title": "Guidance: Contract Modifications (PDF, 548KB)", "category": "04_NPPS_and_Government_Policy", "publisher": "UK Government", "url": "https://assets.publishing.service.gov.uk/media/685415e516eefd7361e989d2/Guidance_-_Contract_Modifications_FINAL_pdf_links_.docx.pdf"}, {"title": "Guidance: Electronic Invoicing and Payment (PDF)", "category": "02_Statutory_Guidance", "publisher": "UK Government", "url": "https://assets.publishing.service.gov.uk/media/69dfa51d6c6ccf244be42dcd/Guidance_-_Electronic_Invoicing_and_Payment_FINAL_pdf_links_.docx.pdf"}, {"title": "Guidance: Payments Compliance Notices (PDF)", "category": "02_Statutory_Guidance", "publisher": "UK Government", "url": "https://assets.publishing.service.gov.uk/media/691f14b62b1627c20b71080c/2025-11-13_GUIDANCE_Payments_Compliance_Notices_FINAL.V2._pdf_links_.docx.pdf"}, {"title": "Guidance - Contract Payment Information (PDF)", "category": "02_Statutory_Guidance", "publisher": "UK Government", "url": "https://assets.publishing.service.gov.uk/media/6a5e29ef24d44672cf1b4608/2026-07-20_PA23_Guidance_-_Contract_Payment_Information.PDF_links.V3.pdf"}, {"title": "Green Book definitions of Business Case stages (PDF, 1,320KB)", "category": "04_NPPS_and_Government_Policy", "publisher": "UK Government", "url": "https://assets.publishing.service.gov.uk/media/623d99f5e90e075f14254676/Green_Book_2022.pdf"}, {"title": "GCF bid evaluation guidance note (PDF, 2.1 MB)", "category": "02_Statutory_Guidance", "publisher": "Cabinet Office", "url": "https://assets.publishing.service.gov.uk/media/60a387e48fa8f56a3e32fa9a/Bid_evaluation_guidance_note_May_2021.pdf"}, {"title": "The Social Value Model (PDF, 397 KB)", "category": "02_Statutory_Guidance", "publisher": "UK Government", "url": "https://assets.publishing.service.gov.uk/media/5fc8b7ede90e0762a0d71365/Social-Value-Model-Edn-1.1-3-Dec-20.pdf"}, {"title": "Should Cost Modelling guidance note (PDF, 439 KB)", "category": "02_Statutory_Guidance", "publisher": "Cabinet Office", "url": "https://assets.publishing.service.gov.uk/media/60a3879f8fa8f56a32f91cfd/Should_Cost_Modelling_guidance_note_May_2021.pdf"}, {"title": "PPN 005: Reserving below threshold (PDF)", "category": "03_Procurement_Policy_Notes", "publisher": "UK Government", "url": "https://assets.publishing.service.gov.uk/media/67af55e96e6c8d18118ace31/PPN_005_Reserving_below_threshold.pdf"}, {"title": "Government Functional Standard - GovS 008: Commercial (PDF)", "category": "02_Statutory_Guidance", "publisher": "UK Government", "url": "https://assets.publishing.service.gov.uk/media/69c67905cdfd19de13d0f79c/2026-03-26_Govs008_Functional_standard_2026_-_RESET_Revisions_v5.1__FINAL_.pdf"}, {"title": "Commercial Continuous Improvement Assessment Framework", "category": "02_Statutory_Guidance", "publisher": "Cabinet Office", "url": "https://assets.publishing.service.gov.uk/media/631f542fe90e077db3e675b2/CCIAF_28322__5_.pdf"}, {"title": "Commercial Pipeline Guidance V8 (PDF)", "category": "02_Statutory_Guidance", "publisher": "UK Government", "url": "https://assets.publishing.service.gov.uk/media/681b6760e26cd2f713d87029/052025_Commercial_Pipeline_Guidance_v8.pdf"}, {"title": "Commercial Continuous Improvement Assessment Framework Onboarding Guidance V2.3 (PDF)", "category": "02_Statutory_Guidance", "publisher": "UK Government", "url": "https://assets.publishing.service.gov.uk/media/651c2c1f6a6955001278b24d/Commercial-Continuous-Improvement-Assessment-Framework-Onboarding-Guidance-V2.3.pdf"}, {"title": "Commercial Continuous Improvement Assessment Framework (CCIAF) - Peer Review Guidance v2.2 (PDF)", "category": "02_Statutory_Guidance", "publisher": "Cabinet Office", "url": "https://assets.publishing.service.gov.uk/media/651a9d3e7c2c4a001395e324/Commercial-Continuous-Improvement-Assessment-Framework-CCIAF-Peer-Review-Guidance-v2.2.pptx.pdf"}, {"title": "Government Functional Standard 007 (PDF, 308KB)", "category": "02_Statutory_Guidance", "publisher": "UK Government", "url": "https://assets.publishing.service.gov.uk/media/613a195bd3bf7f05b694d647/GovS_007-_Security.pdf"}, {"title": "contract termination notice (PDF, 468KB)", "category": "02_Statutory_Guidance", "publisher": "UK Government", "url": "https://assets.publishing.service.gov.uk/media/66aa32810808eaf43b50db05/Guidance_-_Contract_Terminations_FINAL.pdf"}, {"title": "PPN 04/21: Applying Exclusions in Public Procurement, Managing Conflicts of Interest and Whistleblowing", "category": "02_Statutory_Guidance", "publisher": "UK Government", "url": "https://assets.publishing.service.gov.uk/media/60a3bca7d3bf7f28907c2d99/PPN_04_21-_Applying_Exclusions_in_Public_Procurement__Managing_Conflicts_of_Interest_and_Whistleblowing.pdf"}, {"title": "A Guide for Commercial and Procurement Professionals", "category": "02_Statutory_Guidance", "publisher": "UK Government", "url": "https://assets.publishing.service.gov.uk/media/6139d837e90e070434bbbfc0/20210909-PPN-04_21-A-Guide-for-Commercial-and-Procurement-Professionals-Updated-version.pdf"}, {"title": "Frequently Asked Questions", "category": "02_Statutory_Guidance", "publisher": "Cabinet Office", "url": "https://assets.publishing.service.gov.uk/media/60a3bccbe90e07357045b17e/Frequently_Asked_Questions.pdf"}, {"title": "Procurement Policy Note 001 - SME and VCSE procurement spend targets (PDF)", "category": "03_Procurement_Policy_Notes", "publisher": "Cabinet Office", "url": "https://assets.publishing.service.gov.uk/media/67ae095f2c594609b38acd89/2025-02-12_PPN_001_SME_and_VCSE_procurement_spend_targets.pdf"}, {"title": "Procurement Policy Note 001 - Guidance on how to set SME spend targets and annual publication of results (PDF)", "category": "03_Procurement_Policy_Notes", "publisher": "Cabinet Office", "url": "https://assets.publishing.service.gov.uk/media/67acb850e400ae62338324e7/2025-02-12_PPN_001_SME_and_VCSE_procurement_spend_targets_Guidance_.pdf"}, {"title": "PPN 002: Taking account of social value in the award of central government contracts (PDF)", "category": "03_Procurement_Policy_Notes", "publisher": "Cabinet Office", "url": "https://assets.publishing.service.gov.uk/media/67b4bf7b3e77ca8b737d385b/2025-02-08_PPN_002_Taking_account_of_social_value_in__the_award_of_central_government_contracts.docx__1.pdf"}, {"title": "Procurement Policy Note 002: The Social Value Model (PDF)", "category": "03_Procurement_Policy_Notes", "publisher": "UK Government", "url": "https://assets.publishing.service.gov.uk/media/67ae1529e270ceae39f9e1a0/2025-02-11_PPN_002_The_social_value_model.docx.pdf"}, {"title": "PPN 002 Guide to using the social value model (PDF)", "category": "03_Procurement_Policy_Notes", "publisher": "UK Government", "url": "https://assets.publishing.service.gov.uk/media/67c8206b2ecc810ad1fc656b/2025-02-08_PPN_002_Guide_to_using_the_social_value_model.docx__3_.pdf"}, {"title": "PPN 003: The Public Services (Social Value) Act 2012 (PDF)", "category": "03_Procurement_Policy_Notes", "publisher": "UK Government", "url": "https://assets.publishing.service.gov.uk/media/67b460a14e79a175a4c2fdd7/PPN_003_The_Public_Services__Social_Value__Act_2012.pdf"}, {"title": "PPN 004: Open Book Contract Management (PDF)", "category": "03_Procurement_Policy_Notes", "publisher": "Cabinet Office", "url": "https://assets.publishing.service.gov.uk/media/67b32ca04a80c6718b55be21/PPN_004_Open_Book_Contract_Management.pdf"}, {"title": "PPN 004: Open Book Contract Management Guidance (PDF)", "category": "03_Procurement_Policy_Notes", "publisher": "UK Government", "url": "https://assets.publishing.service.gov.uk/media/67b480483e77ca8b737d37be/Open_book_contract_management_guidance.pdf"}, {"title": "PPN 005: Guide to reserving below threshold (PDF)", "category": "03_Procurement_Policy_Notes", "publisher": "UK Government", "url": "https://assets.publishing.service.gov.uk/media/67af5f3e6e6c8d18118ace43/PPN_005_Guide_to_reserving_below_threshold.pdf"}, {"title": "PPN 006: Taking account of Carbon Reduction Plans (PDF)", "category": "03_Procurement_Policy_Notes", "publisher": "UK Government", "url": "https://assets.publishing.service.gov.uk/media/68833e162b6fd60b7c16104d/2025-02-04_PPN_006_Taking_account_of_Carbon_Reduction_Plans.docx__1_.pdf"}, {"title": "PPN 006: Guidance on taking account of carbon reduction plans- adopting and applying conditions of participation (PDF)", "category": "03_Procurement_Policy_Notes", "publisher": "UK Government", "url": "https://assets.publishing.service.gov.uk/media/67b716f078dd6cacb71c6a87/2025-02-05_PPN_006_Guidance_on_taking_account_of_carbon_reduction_plans_-_adopting_and_applying_conditions_of_participation.docx.pdf"}, {"title": "PPN 006: Technical standard for Completion of Carbon Reduction Plans (PDF)", "category": "03_Procurement_Policy_Notes", "publisher": "UK Government", "url": "https://assets.publishing.service.gov.uk/media/67b334c67c070e71525f5818/PPN_006_Technical_standard_for_Completion_of_Carbon_Reduction_Plans.pdf"}, {"title": "PPN 007: Contracts with suppliers from Russia and Belarus (PDF)", "category": "03_Procurement_Policy_Notes", "publisher": "UK Government", "url": "https://assets.publishing.service.gov.uk/media/67b339684a80c6718b55be29/PPN_007_Contracts_with_suppliers_from_Russia_and_Belarus.pdf"}, {"title": "PPN 007: Contracts with suppliers from Russia and Belarus FAQs (PDF)", "category": "03_Procurement_Policy_Notes", "publisher": "UK Government", "url": "https://assets.publishing.service.gov.uk/media/67af6a24e270ceae39f9e270/PPN_007_Contracts_with_suppliers_from_Russia_and_Belarus_FAQs.pdf"}, {"title": "PPN 008: Armed Forces Covenant (PDF)", "category": "03_Procurement_Policy_Notes", "publisher": "UK Government", "url": "https://assets.publishing.service.gov.uk/media/67af6b89a1d2c59f9ba29bcc/PPN_008_Armed_Forces_Covenant.pdf"}, {"title": "PPN 009: Tackling modern slavery in government supply chains (PDF)", "category": "03_Procurement_Policy_Notes", "publisher": "UK Government", "url": "https://assets.publishing.service.gov.uk/media/67fe34f9ed87b816085466c6/2025-04-11_PPN_009_Tackling_Modern_Slavery_in_Supply_Chains_.pdf"}, {"title": "PPN 009: Guidance on tackling modern slavery in government supply chains (PDF)", "category": "03_Procurement_Policy_Notes", "publisher": "UK Government", "url": "https://assets.publishing.service.gov.uk/media/67fe409e393a986ec5cf8d53/2025-04-11_PPN_009_Guidance_on_tackling_modern_slavery.pdf"}, {"title": "PPN 011: The Commercial Playbooks (PDF)", "category": "03_Procurement_Policy_Notes", "publisher": "Cabinet Office", "url": "https://assets.publishing.service.gov.uk/media/67af73472c594609b38ace52/PPN_011_The_Commercial_Playbooks.pdf"}, {"title": "PPN 012: Security Classifications Policy (PDF)", "category": "03_Procurement_Policy_Notes", "publisher": "UK Government", "url": "https://assets.publishing.service.gov.uk/media/67af7521a75f02dffca29bd5/PPN_012_Security_Classifications_Policy.pdf"}, {"title": "PPN 013: Using standard contracts (PDF)", "category": "03_Procurement_Policy_Notes", "publisher": "Cabinet Office", "url": "https://assets.publishing.service.gov.uk/media/680b515e56bc2cfe7f7f5b52/PPN_013_Using_standard_contracts.pdf"}, {"title": "PPN 014: Cyber essentials scheme (PDF)", "category": "03_Procurement_Policy_Notes", "publisher": "UK Government", "url": "https://assets.publishing.service.gov.uk/media/67af78c8a75f02dffca29bd8/PPN_014_Cyber_essentials_scheme.pdf"}, {"title": "PPN 016: Carbon reduction contract schedule (PDF)", "category": "03_Procurement_Policy_Notes", "publisher": "Cabinet Office", "url": "https://assets.publishing.service.gov.uk/media/67b318487c070e71525f5800/PPN_016_Carbon_reduction_contract_schedule.pdf"}, {"title": "PPN 016: Carbon reduction contract schedule and guidance (PDF)", "category": "03_Procurement_Policy_Notes", "publisher": "UK Government", "url": "https://assets.publishing.service.gov.uk/media/67b5b8c7d15c152ea555bf8a/2025-02-04_PPN_016_Carbon_reduction_contract_schedule_and_guidance.docx__1_.pdf"}, {"title": "PPN 017: Improving transparency of AI use in procurement (PDF)", "category": "03_Procurement_Policy_Notes", "publisher": "UK Government", "url": "https://assets.publishing.service.gov.uk/media/67af7ba0e270ceae39f9e279/PPN_017_Improving_transparency_of_AI_use_in_procurement.pdf"}, {"title": "PPN 018: Taking account of a supplier’s approach to payment in the procurement of major contracts (PDF)", "category": "03_Procurement_Policy_Notes", "publisher": "UK Government", "url": "https://assets.publishing.service.gov.uk/media/6749a8b06f60e77679723a6c/2024-10-23_PPN_018_Taking_account_of_a_bidders_approach_to_payment_in_the_procurement_of_major_contracts.docx.pdf"}, {"title": "PPN 018: How to take account of a supplier's approach to payment in the procurement of major contracts (Guidance) (PDF)", "category": "03_Procurement_Policy_Notes", "publisher": "UK Government", "url": "https://assets.publishing.service.gov.uk/media/67ff8cd44f66a92e2854677a/2024-10-23_PPN_018_Guidance_on_how_to_take_account_of_a_supplier_s_approach_to_payment_in_the_procurement_of_major_contracts.pdf"}, {"title": "Update to legal requirements to publish procurement information on Contracts Finder (PDF)", "category": "03_Procurement_Policy_Notes", "publisher": "UK Government", "url": "https://assets.publishing.service.gov.uk/media/67ea9b5f070b3238cf7f2794/2025-3-06_PPN_Procurement_Policy_Note___update_to_legal_requirements_to_publish_procurement__information_on_Contracts_Finder_final_.pdf"}, {"title": "Guidance on the transparency requirements for publishing on Contracts Finder (PDF)", "category": "03_Procurement_Policy_Notes", "publisher": "UK Government", "url": "https://assets.publishing.service.gov.uk/media/67ea9b74f0edd954a99fe96a/2025-03-06_Guidance_on_transparency_requirements_for_publishing_on_Contracts_Finder_-_legislative_requirements_-_Final_.pdf"}, {"title": "PPN 020: Guidance on data protection legislation (PDF)", "category": "03_Procurement_Policy_Notes", "publisher": "UK Government", "url": "https://assets.publishing.service.gov.uk/media/6809f0708c1316be7978e7cc/PPN_020_Gudiance_on_data_protection_legislation.pdf"}, {"title": "PPN 021: Payment Spot Checks in Public Sub-Contracts (PDF)", "category": "03_Procurement_Policy_Notes", "publisher": "UK Government", "url": "https://assets.publishing.service.gov.uk/media/690dfce6896fad804b050f9a/2025-04-16_PPN_021_Payment_spot_checks_in_public_sub-contracts.docx.pdf"}, {"title": "PPN 021: Guidance on how to conduct a Payment Spot Check under a public sub-contract  (PDF)", "category": "03_Procurement_Policy_Notes", "publisher": "UK Government", "url": "https://assets.publishing.service.gov.uk/media/68e64a0949e17d00a56fff08/2025-10-07_PPN_021_Updated_guidance_on_how_to_conduct_a_payment_spot_check_under_a_public_sub-contract.pdf"}, {"title": "PPN 022: Procuring Steel in Government Contracts (PDF)", "category": "03_Procurement_Policy_Notes", "publisher": "UK Government", "url": "https://assets.publishing.service.gov.uk/media/6a55052d9e9c95844ae64e25/2026-07-13_PPN_022_Procuring_Steel_in_Government_Contracts.docx.pdf"}, {"title": "PPN 022: Guidance on Procuring Steel in Government Contracts (PDF)", "category": "03_Procurement_Policy_Notes", "publisher": "UK Government", "url": "https://assets.publishing.service.gov.uk/media/6a55091a2467584757371e97/2026-07-13_-_PPN_022_Guidance_on_Procuring_Steel_in_Government_Contracts.docx.pdf"}, {"title": "PPN 022: FAQs on Procuring Steel in Government Contracts (PDF)", "category": "03_Procurement_Policy_Notes", "publisher": "UK Government", "url": "https://assets.publishing.service.gov.uk/media/6a5508cec3d64d94cacab8f1/2026-07-13_-_PPN_022_FAQ_on_Procuring_Steel_in_Government_Contracts.docx.pdf"}, {"title": "PPN 022: Product & Origin Data - Example Contract Clause (PDF)", "category": "03_Procurement_Policy_Notes", "publisher": "UK Government", "url": "https://assets.publishing.service.gov.uk/media/685abe6572588f4188620770/2025-06-24_-_PPN_022_Product_and_Origin_Data_-_Example_contract_clause.pdf"}, {"title": "PPN 022: UK Steel’s Digital Catalogue - Example Contract Clause (PDF)", "category": "03_Procurement_Policy_Notes", "publisher": "UK Government", "url": "https://assets.publishing.service.gov.uk/media/685abe71454906840a44d633/2025-06-24_-_PPN_022_UK_Steel_s_Digital_Catalogue_-_Example_contract_clause.pdf"}, {"title": "PPN 023: 2026 Threshold Amounts (PDF)", "category": "03_Procurement_Policy_Notes", "publisher": "UK Government", "url": "https://assets.publishing.service.gov.uk/media/6929c25eb3b9afff34e96238/2025-11-14_PPN_023_2026_Threshold_amounts.pdf"}, {"title": "PPN 024 - The Public Interest Test and Insourcing Strategy (PDF)", "category": "03_Procurement_Policy_Notes", "publisher": "UK Government", "url": "https://assets.publishing.service.gov.uk/media/6a325f640bea238415c9a11f/2026-06-17_-_PPN_024_Public_Interest_Test_and_Insourcing_Strategy_PPN.docx.pdf"}, {"title": "Insourcing and the Public Interest Test - Guidance Note (PDF)", "category": "03_Procurement_Policy_Notes", "publisher": "UK Government", "url": "https://assets.publishing.service.gov.uk/media/6a3255afe590e5e061c9a0fb/2026-06-17_Insourcing_and_the_Public_Interest_Test_Guidance.pdf"}, {"title": "PPN 025 - Protecting the UK’s national security through public procurement (PDF)", "category": "03_Procurement_Policy_Notes", "publisher": "UK Government", "url": "https://assets.publishing.service.gov.uk/media/6a44ce4dfa72f76532a4e48a/2026-06-29_-_PPN_025_-_Protecting_the_UK_s_national_security_through_public_procurement.pdf"}, {"title": "Guidance to Procurement Policy Note 025 Protecting the UK’s national security through public procurement (PDF)", "category": "03_Procurement_Policy_Notes", "publisher": "UK Government", "url": "https://assets.publishing.service.gov.uk/media/6a44ce56167a99cf0018da07/2026-06-29_-_PPN_025_-_Protecting_the_UK_s_national_security_through_public_procurement_-_Guidance_v1.31.pdf"}, {"title": "PPN 026: The Social Value Model (PDF)", "category": "03_Procurement_Policy_Notes", "publisher": "UK Government", "url": "https://assets.publishing.service.gov.uk/media/6a727128332792bd88ece51b/PPN_026_The_Social_Value_Model.pdf"}, {"title": "PPN 03/24: Standard Selection Questionnaire (SQ) (PDF)", "category": "03_Procurement_Policy_Notes", "publisher": "UK Government", "url": "https://assets.publishing.service.gov.uk/media/6603fef791a320001182b066/PPN_03_24_Standard_Selection_Questionnaire_2024_Update.pdf"}, {"title": "PPN 02/24 Improving Transparency of AI use in Procurement (PDF)", "category": "03_Procurement_Policy_Notes", "publisher": "Cabinet Office", "url": "https://assets.publishing.service.gov.uk/media/66019771a6c0f7bb15ef9252/PPN_02_24_Improving_Transparency_of_AI_use_in_Procurement.pdf"}, {"title": "Procurement Policy Note 01/24: Carbon Reduction Contract Schedule (PDF)", "category": "03_Procurement_Policy_Notes", "publisher": "Cabinet Office", "url": "https://assets.publishing.service.gov.uk/media/65f80672af6a0daea190d501/2023-12-01_Carbon_clauses_PPN_01_24.pdf"}, {"title": "Carbon Reduction Schedule (PDF)", "category": "03_Procurement_Policy_Notes", "publisher": "UK Government", "url": "https://assets.publishing.service.gov.uk/media/65f80b818112257381579f49/2024-02-15_Carbon_Reduction_Schedule.pdf"}, {"title": "Carbon Reduction Schedule Guidance (PDF)", "category": "03_Procurement_Policy_Notes", "publisher": "UK Government", "url": "https://assets.publishing.service.gov.uk/media/661cf7fc08c3be25cfbd3d8b/2023-11-15_Carbon_Schedule_Guidance_updated.pdf"}, {"title": "Procurment Policy Note 12/23: North Macedonia Accession to the Agreement on Government Procurement & CPV Code Amendments (PDF)", "category": "03_Procurement_Policy_Notes", "publisher": "UK Government", "url": "https://assets.publishing.service.gov.uk/media/657c67ca83ba380013e1b635/PPN-12_23-North-Macedonia-Accession-to-the-Agreement-on-Government-Procurement-and-CPV-Code-Amendments.pdf"}, {"title": "Procurement Policy Note 11/23 – New Thresholds (PDF)", "category": "03_Procurement_Policy_Notes", "publisher": "UK Government", "url": "https://assets.publishing.service.gov.uk/media/657c4b101c0c2a000d18ce2a/PPN-11_23-New-Thresholds.pdf"}, {"title": "Procurement Policy Note – Taking account of a bidder’s approach to payment in the procurement of major contracts (PDF)", "category": "03_Procurement_Policy_Notes", "publisher": "UK Government", "url": "https://assets.publishing.service.gov.uk/media/655c9cddd03a8d001207fdc2/2023-11-21_PPN_10_23_Taking_account_of_a_bidders_approach_to_payment_in_the_procurement_of_major_contracts_PDF.pdf"}, {"title": "Guidance on how to take account of a bidder’s approach to payment in the procurement of major contracts November 2023 (PDF)", "category": "03_Procurement_Policy_Notes", "publisher": "UK Government", "url": "https://assets.publishing.service.gov.uk/media/6800f38e90d0846c19e287f1/2023-11-21_PPN_1023_Guidance.pdf"}, {"title": "Procurement Policy Note: Updates to the Cyber Essentials Scheme (PDF)", "category": "03_Procurement_Policy_Notes", "publisher": "UK Government", "url": "https://assets.publishing.service.gov.uk/media/652d2b6ad86b1b000d3a4fbe/2023-10-11_Updated_PPN_09_23_Cyber_Essentials_eg.pdf"}, {"title": "Procurement Policy Note: Using Standard Contracts (PDF)", "category": "03_Procurement_Policy_Notes", "publisher": "Cabinet Office", "url": "https://assets.publishing.service.gov.uk/media/64c8ffa119f562000df3c200/PPN_08_23_Using_Standard_Contracts_-_Final_Version__1_.pdf"}, {"title": "Procurement Policy Note: Government Security Classifications Policy (PDF)", "category": "03_Procurement_Policy_Notes", "publisher": "UK Government", "url": "https://assets.publishing.service.gov.uk/media/649ea509bb13dc000cb2e3cd/Procurement_Policy_Note_-_Government_Security_Classifications_Policy.pdf"}, {"title": "Procurement Policy Note: The Commercial Playbooks (PDF)", "category": "03_Procurement_Policy_Notes", "publisher": "UK Government", "url": "https://assets.publishing.service.gov.uk/media/64905c015f7bb7000c7fad21/PPN_06_23_The_Commercial_Playbooks.pdf"}, {"title": "Procurement Policy Note – Changes to Public Procurement Obligations Arising from the Australia and New Zealand Free Trade Agreements (PDF)", "category": "03_Procurement_Policy_Notes", "publisher": "UK Government", "url": "https://assets.publishing.service.gov.uk/media/6463a34fe140700013b6e03c/Procurement_Policy_Note___Changes_to_Public_Procurement_Obligations_Arising_from_the_New_Australia_and_New_Zealand_Free_Trade_Agreements.pdf"}, {"title": "PPN 04/23 - Procuring Steel in Government Contracts (PDF)", "category": "03_Procurement_Policy_Notes", "publisher": "UK Government", "url": "https://assets.publishing.service.gov.uk/media/642d566dddf8ad000cac0e28/2023.03.22-PPN-04_23-Procuring-Steel-in-Government-Contracts-Final.docx-Google-Docs.pdf"}, {"title": "PPN 04/23 - Guidance (PDF)", "category": "03_Procurement_Policy_Notes", "publisher": "UK Government", "url": "https://assets.publishing.service.gov.uk/media/642d56907de82b000c31369f/2023.03.22-PPN-04_23-Guidance-on-Procuring-Steel-in-Government-Contracts-Final.docx-Google-Docs.pdf"}, {"title": "PPN 04/23 - Frequently Asked Questions (PDF)", "category": "03_Procurement_Policy_Notes", "publisher": "UK Government", "url": "https://assets.publishing.service.gov.uk/media/642d56b47de82b000c3136a1/2023.03.22-PPN-04_23-FAQ-on-Procuring-Steel-in-Government-Contracts-Final-Google-Docs.pdf"}, {"title": "PPN 04/23 - Example Contract Clause (PDF)", "category": "03_Procurement_Policy_Notes", "publisher": "UK Government", "url": "https://assets.publishing.service.gov.uk/media/642d56d7fbe620000c17dd03/2023.03.22-PPN-04_23-Example-Contract-Clause-Final-Google-Docs.pdf"}, {"title": "PPN 02/23 - Tackling Modern Slavery in Government Supply Chains (PDF)", "category": "03_Procurement_Policy_Notes", "publisher": "UK Government", "url": "https://assets.publishing.service.gov.uk/media/63e4dbf8e90e07626a89a28d/PPN-02_23-Tackling-Modern-Slavery-in-Government-Supply-Chains-.docx.pdf"}, {"title": "PPN 02/23 - Tackling Modern Slavery in Government Supply Chains - Guidance (PDF)", "category": "03_Procurement_Policy_Notes", "publisher": "UK Government", "url": "https://assets.publishing.service.gov.uk/media/65fac64eaa9b76001dfbdb93/PPN_0223_-_Tackling_Modern_Slavery_in_Government_Supply_Chains_-_Guidance.pdf"}, {"title": "PPN 02/23 - Tackling Modern Slavery in Government Supply Chains - Quick Reference Guide (PDF)", "category": "03_Procurement_Policy_Notes", "publisher": "UK Government", "url": "https://assets.publishing.service.gov.uk/media/63e4ddee8fa8f5050a4178b8/PPN_02_23_-_Tackling_Modern_Slavery_in_Government_Supply_Chains_-_Quick_Reference_Guide_.pdf"}, {"title": "PPN 01/22: Contracts with suppliers from Russia and Belarus", "category": "03_Procurement_Policy_Notes", "publisher": "UK Government", "url": "https://assets.publishing.service.gov.uk/media/62f22f60e90e077f79081f2f/Procurement-Policy-Note-01_22-Contracts-with-suppliers-from-Russia-and-Belarus-LG-Update-Aug-22.docx.pdf"}, {"title": "PPN 01/22: Frequently asked questions", "category": "03_Procurement_Policy_Notes", "publisher": "UK Government", "url": "https://assets.publishing.service.gov.uk/media/62f22f928fa8f50f1336744f/Procurement-Policy-Note-01_22-Frequently-Asked-Questions-FAQs-Aug-22.docx.pdf"}, {"title": "Procurement Policy Note 10/21 – Thresholds and Inclusion of VAT", "category": "03_Procurement_Policy_Notes", "publisher": "UK Government", "url": "https://assets.publishing.service.gov.uk/media/61bc7451d3bf7f05570654ba/Procurement_Policy_Note_10_21_-_New_Thresholds_Values_and_Inclusion_of_VAT_in_Contract_Estimates.pdf"}, {"title": "Defence and Security Public Contracts Regulations ( DSPCR ) 2011", "category": "04_NPPS_and_Government_Policy", "publisher": "UK Government", "url": "https://www.gov.uk/government/uploads/system/uploads/attachment_data/file/35925/dsd_govt_awareness_guide.pdf"}, {"title": "Utilities Contracts Regulations 2016", "category": "04_NPPS_and_Government_Policy", "publisher": "UK Government", "url": "http://www.legislation.gov.uk/uksi/2016/274/pdfs/uksi_20160274_en.pdf"}, {"title": "Concession Contracts Regulations", "category": "04_NPPS_and_Government_Policy", "publisher": "Cabinet Office", "url": "http://www.legislation.gov.uk/uksi/2016/273/pdfs/uksi_20160273_en.pdf"}, {"title": "list of mandatory and discretionary exclusions", "category": "04_NPPS_and_Government_Policy", "publisher": "UK Government", "url": "https://assets.publishing.service.gov.uk/media/6012b71de90e076265e4d987/Annex_C_Exclusion_Grounds.pdf"}, {"title": "Contracts Finder User Guide v2", "category": "04_NPPS_and_Government_Policy", "publisher": "UK Government", "url": "https://assets.publishing.service.gov.uk/media/5ab8f040e5274a1aa2d41717/Contracts_Finder_public_sector_contractors_user_guide_v_2.0.pdf"}, {"title": "Procurement Policy Note 04/17: New Threshold Levels 2018", "category": "04_NPPS_and_Government_Policy", "publisher": "UK Government", "url": "https://assets.publishing.service.gov.uk/media/5a822b9ce5274a2e87dc1832/PPN_0417_New_Thresholds_2018__1_.pdf"}, {"title": "Brief guide to the EU Public Contracts Directive (2014)", "category": "04_NPPS_and_Government_Policy", "publisher": "UK Government", "url": "https://assets.publishing.service.gov.uk/media/5a80195ee5274a2e8ab4e2d6/Brief_Guide_to_the_2014_Directives_Oct_16.pdf"}, {"title": "Brief guide to the EU Concession Contracts Regulations 2016", "category": "04_NPPS_and_Government_Policy", "publisher": "UK Government", "url": "https://assets.publishing.service.gov.uk/media/5a7f6aa0ed915d74e33f64bf/20160607_Handbook_for_the_Concession_Contracts_Regulations_2016_final.pdf"}, {"title": "Guidance for completion of Public Procurement Regulations 2015 forms and notices in the transition period before SIMAP forms are available", "category": "04_NPPS_and_Government_Policy", "publisher": "UK Government", "url": "https://assets.publishing.service.gov.uk/media/5a80139f40f0b623026915e2/20152103_Guidance_on_Completion_of_Forms_and_Notices_Pre_SIMAP.pdf"}, {"title": "Public Contracts Regulations 2015: guidance on the new light touch regime for health, social education and certain other service contracts", "category": "04_NPPS_and_Government_Policy", "publisher": "UK Government", "url": "https://assets.publishing.service.gov.uk/media/5a8167cced915d74e33fe07b/Guidance_on_Light_Touch_Regime_-_Oct_16.pdf"}, {"title": "Guidance on amendments to contracts during their term", "category": "04_NPPS_and_Government_Policy", "publisher": "UK Government", "url": "https://assets.publishing.service.gov.uk/media/5a756405ed915d6faf2b29d8/Guidance_on_Amendments_to_Contracts_-_Oct_16.pdf"}, {"title": "Guidance on awarding contracts", "category": "04_NPPS_and_Government_Policy", "publisher": "UK Government", "url": "https://assets.publishing.service.gov.uk/media/5a74a6ff40f0b619c8659562/Guidance_on_Awarding_Contracts_-_Oct_16.pdf"}, {"title": "Dynamic Purchasing System guidance", "category": "04_NPPS_and_Government_Policy", "publisher": "UK Government", "url": "https://assets.publishing.service.gov.uk/media/5a80275e40f0b62305b897f0/Guidance_on_Dynamic_Purchasing_System_-_Oct_16.pdf"}, {"title": "Guidance on the standstill period", "category": "04_NPPS_and_Government_Policy", "publisher": "UK Government", "url": "https://assets.publishing.service.gov.uk/media/5a7f8f6eed915d74e622b349/Guidance_on_Standstill_-_Oct_16.pdf"}, {"title": "Guidance on framework agreements", "category": "04_NPPS_and_Government_Policy", "publisher": "UK Government", "url": "https://assets.publishing.service.gov.uk/media/5a7f4bb8ed915d74e33f58de/Guidance_on_Frameworks_-_Oct_16.pdf"}, {"title": "Guidance on changes to procedures", "category": "04_NPPS_and_Government_Policy", "publisher": "UK Government", "url": "https://assets.publishing.service.gov.uk/media/5a7f452c40f0b6230268e7ad/Guidance_on_Changes_to_Procedures_-_Oct_16.pdf"}, {"title": "Guidance on provisions that support market access for small businesses", "category": "04_NPPS_and_Government_Policy", "publisher": "Cabinet Office", "url": "https://assets.publishing.service.gov.uk/media/5a81b1e8ed915d74e33ff984/Guidance_on_on_Provisions_that_Support_Access_for_Small_Businesses_-_Oct_16.pdf"}, {"title": "Guidance on the subcontracting provisions", "category": "04_NPPS_and_Government_Policy", "publisher": "UK Government", "url": "https://assets.publishing.service.gov.uk/media/5a8061d3e5274a2e87db97da/Guidance_on_Subcontracting_-_Oct_16.pdf"}, {"title": "Transparency requirements for publishing on Contracts Finder", "category": "04_NPPS_and_Government_Policy", "publisher": "UK Government", "url": "https://assets.publishing.service.gov.uk/media/5a7f46e0e5274a2e87db4df8/Guidance_on_transparency_requirements_for_Contracts_Finder.pdf"}, {"title": "Paying invoices in 30 days down the supply chain", "category": "04_NPPS_and_Government_Policy", "publisher": "UK Government", "url": "https://assets.publishing.service.gov.uk/media/5a802d4ced915d74e622cecd/Revisedstatutoryguidance26Sept.docx.pdf"}, {"title": "Selection questionnaire guidance", "category": "04_NPPS_and_Government_Policy", "publisher": "UK Government", "url": "https://assets.publishing.service.gov.uk/media/5a755bfd40f0b6397f35dd0d/PPN_8_16_StandardSQ_Template_v3.pdf"}, {"title": "Public to public procurement guidance", "category": "04_NPPS_and_Government_Policy", "publisher": "UK Government", "url": "https://assets.publishing.service.gov.uk/media/5a80c8fde5274a2e8ab52273/Guidance_on_Public_to_Public_Procurement_-_Oct_16.pdf"}, {"title": "Electronic procurement and communication guidance", "category": "04_NPPS_and_Government_Policy", "publisher": "UK Government", "url": "https://assets.publishing.service.gov.uk/media/5a80de5340f0b62302695f51/Guidance_on_E-Procurement_and_E-Communications_-_Oct_16.pdf"}, {"title": "Social and environmental guidance", "category": "04_NPPS_and_Government_Policy", "publisher": "UK Government", "url": "https://assets.publishing.service.gov.uk/media/5a7f2fb4e5274a2e8ab4aa60/20160912socialenvironmentalguidancefinal.pdf"}, {"title": "Reform of the EU procurement rules – utilities sector: slideset", "category": "04_NPPS_and_Government_Policy", "publisher": "Cabinet Office", "url": "https://assets.publishing.service.gov.uk/media/5a74e7aae5274a59fa715e06/Utilities_Slideset_Final.pdf"}, {"title": "Procurement Policy Note: new threshold levels 2016", "category": "04_NPPS_and_Government_Policy", "publisher": "UK Government", "url": "https://assets.publishing.service.gov.uk/media/5a80492340f0b623026929b9/PPN_1815_New_Thresholds_2016.pdf"}, {"title": "Procurement Policy Note: Concession Contracts Threshold", "category": "04_NPPS_and_Government_Policy", "publisher": "UK Government", "url": "https://assets.publishing.service.gov.uk/media/5a749baee5274a410efd0f85/Procurement-Policy-Note-Concession-Contracts-Threshold.pdf"}, {"title": "[Withdrawn] Procurement Policy Note 07/16: Legal requirement to publish on Contracts Finder", "category": "04_NPPS_and_Government_Policy", "publisher": "UK Government", "url": "https://assets.publishing.service.gov.uk/media/60d31a6e8fa8f57cef61fd20/Withdrawn_Procurement_Policy_Note_0716__Legal_requirement_to_publish_on_Contracts_Finder__1_.pdf"}, {"title": "guidance", "category": "04_NPPS_and_Government_Policy", "publisher": "UK Government", "url": "https://www.gov.uk/government/uploads/system/uploads/attachment_data/file/524351/Guidance_on_transparency_requirements_for_Contracts_Finder.pdf"}, {"title": "Procurement Policy Note – Implementing Article 6 of the Energy Efficiency Directive", "category": "04_NPPS_and_Government_Policy", "publisher": "Cabinet Office", "url": "https://assets.publishing.service.gov.uk/media/5a7d749d40f0b64fe6c23d1f/PPN_07-14_implementing_article_6_of_the_energy_efficiency_directive.pdf"}, {"title": "Managing Public Money", "category": "04_NPPS_and_Government_Policy", "publisher": "UK Government", "url": "https://assets.publishing.service.gov.uk/media/69e0b17861d2e8e9b9e42e13/Managing_Public_Money_-_April_2026.pdf"}, {"title": "Delegated Authority Guidance: Expenditure categories subject  to specific controls", "category": "04_NPPS_and_Government_Policy", "publisher": "UK Government", "url": "https://assets.publishing.service.gov.uk/media/69e0b1be20b52e41448688cc/Delegated_Authority_Guidance_-_expenditure_categories_subject_to_specific_controls_-_April_2026.pdf"}, {"title": "The Green Book (2026)", "category": "04_NPPS_and_Government_Policy", "publisher": "UK Government", "url": "https://assets.publishing.service.gov.uk/media/698dbcd17da91680ad7f4308/The_Green_Book_2026.pdf"}, {"title": "Procurement Policy Note: Availability of Procurement Procedures (Decision Tree)", "category": "04_NPPS_and_Government_Policy", "publisher": "UK Government", "url": "https://assets.publishing.service.gov.uk/media/5a819382e5274a2e87dbe5e3/PPN_12_15.pdf"}, {"title": "Procurement policy note: procurement supporting growth", "category": "04_NPPS_and_Government_Policy", "publisher": "Cabinet Office", "url": "https://assets.publishing.service.gov.uk/media/5a7989a9e5274a3864fd7cd9/PPN-Procurement-Supporting-Growth.pdf"}, {"title": "[Withdrawn] Procurement policy note: updated guidance on transparency", "category": "04_NPPS_and_Government_Policy", "publisher": "Cabinet Office", "url": "https://assets.publishing.service.gov.uk/media/60d471f68fa8f57ce58cea65/withdrawn_PPN_0711_Guidance_on_Transparency.pdf"}, {"title": "Procurement Policy Note: Standard Selection Questionnaire (SQ)", "category": "04_NPPS_and_Government_Policy", "publisher": "UK Government", "url": "https://assets.publishing.service.gov.uk/media/5a74be17e5274a3f93b48726/PPN_8_16_StandardSQ_Template_v3.pdf"}, {"title": "Procurement Policy Note: taking account of suppliers’ past performance", "category": "04_NPPS_and_Government_Policy", "publisher": "UK Government", "url": "https://assets.publishing.service.gov.uk/media/5a807c70ed915d74e33fab47/PPN04-15_Supplier_Past_Performance_.pdf"}, {"title": "Procurement Policy Note – Contracting for Value - Model Services Contract", "category": "04_NPPS_and_Government_Policy", "publisher": "UK Government", "url": "https://assets.publishing.service.gov.uk/media/5a7ca3a5e5274a2f304ef238/PPN_New_Model_Services_Contract_3_march_2014.pdf"}, {"title": "Procurement policy note: short form terms and conditions for goods and services", "category": "04_NPPS_and_Government_Policy", "publisher": "UK Government", "url": "https://assets.publishing.service.gov.uk/media/5a7d9da0ed915d497af7079a/PPN_06_14_Short_form_terms_and_conditions_for_goods_and_services.pdf"}, {"title": "Procurement Policy Note 05/15: prompt payment policy and reporting of performance", "category": "04_NPPS_and_Government_Policy", "publisher": "UK Government", "url": "https://assets.publishing.service.gov.uk/media/5a814a65e5274a2e8ab532bf/PPN_05-15_Prompt_Payment_Policy_and_Reporting_of_Performance.pdf"}, {"title": "Procurement policy note 11/15: acceptance of unstructured electronic invoices by central government authorities", "category": "04_NPPS_and_Government_Policy", "publisher": "UK Government", "url": "https://assets.publishing.service.gov.uk/media/5a80c89c40f0b62305b8d210/PPN_e-invoicing.pdf"}, {"title": "Procurement Policy Note: supporting apprenticeships and skills through public procurement", "category": "04_NPPS_and_Government_Policy", "publisher": "UK Government", "url": "https://assets.publishing.service.gov.uk/media/5a81a6bfe5274a2e87dbec63/27_08_15_Skills__Apprenticeships_PPN_vfinal.pdf"}, {"title": "Procurement Policy Note: procuring steel in major projects", "category": "04_NPPS_and_Government_Policy", "publisher": "UK Government", "url": "https://assets.publishing.service.gov.uk/media/5a759d3fed915d6faf2b459a/PPN_16-15_Procuring_steel_in_major_projects.pdf"}, {"title": "Steel procurement in major projects: guidance on the application of social issues", "category": "04_NPPS_and_Government_Policy", "publisher": "UK Government", "url": "https://assets.publishing.service.gov.uk/media/5a755a16ed915d7314959494/Social_guidance_supporting_PPN1615_.pdf"}, {"title": "Procurement Policy Note – update to legal and policy requirements to publish procurement information on Contracts Finder (PDF)", "category": "04_NPPS_and_Government_Policy", "publisher": "UK Government", "url": "https://assets.publishing.service.gov.uk/media/63c531ecd3bf7f58008fbb44/2023-01-04-Procurement-Policy-Note-_-update-to-legal-and-policy-requirements-to-publish-procurement-information-on-Contracts-Finder.pdf"}, {"title": "Guidance on the Transparency Requirements for Publishing on Contracts Finder (PDF)", "category": "04_NPPS_and_Government_Policy", "publisher": "UK Government", "url": "https://assets.publishing.service.gov.uk/media/63c6845ee90e074ede1f3599/2023-01-04_Guidance_on_transparency_requirements_for_publishing_on_Contracts_Finder-_v0.2_HG.pdf"}, {"title": "PPN 01/17 - Update to transparency principles V1.1", "category": "04_NPPS_and_Government_Policy", "publisher": "UK Government", "url": "https://assets.publishing.service.gov.uk/media/60d49514d3bf7f7c2f6d7b06/PPN_01_17_-_Update_to_Transparency_Principles_v1.1.pdf"}, {"title": "The Transparency of Suppliers and Government to the Public (PDF)", "category": "04_NPPS_and_Government_Policy", "publisher": "UK Government", "url": "https://assets.publishing.service.gov.uk/media/64240bf32fa8480013ec0e60/2023-03-27_Transparency_Principles_-final.pdf"}, {"title": "Contracts Finder", "category": "04_NPPS_and_Government_Policy", "publisher": "UK Government", "url": "https://assets.publishing.service.gov.uk/media/5e259b1840f0b62c54df7fba/Contracts_Finder_handout.pdf"}, {"title": "[Withdrawn ]Publication of Central Government Tenders and Contracts", "category": "04_NPPS_and_Government_Policy", "publisher": "Cabinet Office", "url": "https://assets.publishing.service.gov.uk/media/60d337818fa8f57cf3f0b400/Withdrawn_Guidance_Publication_of_New_Central_Government_Tender_documents__and_Contracts_2017__1___1_.pdf"}, {"title": "[Withdrawn] Suppliers frequently asked questions", "category": "04_NPPS_and_Government_Policy", "publisher": "Cabinet Office", "url": "https://assets.publishing.service.gov.uk/media/60d337c28fa8f57ce8c46313/withdrawn_Suppliers_-_FAQs__1_.pdf"}, {"title": "CCS Contracts Finder Open Contracting Data Standard publication guide", "category": "04_NPPS_and_Government_Policy", "publisher": "UK Government", "url": "https://assets.publishing.service.gov.uk/media/5e99b67dd3bf7f0318cff3b8/Guide-to-Open-Contracting-Data-Standard-implementation-on-Contracts-Finder-V.2.1.pdf"}, {"title": "UK Open Contracting National Action Plan updates", "category": "04_NPPS_and_Government_Policy", "publisher": "UK Government", "url": "https://assets.publishing.service.gov.uk/media/5a82d676ed915d74e3403d2b/UK_Open_Contracting-_National_Action_Plan_Updates_-_Digest_November_2017.pdf"}, {"title": "MEL framework and progress summary for UK Showcase & Learning Project- June 2018", "category": "04_NPPS_and_Government_Policy", "publisher": "UK Government", "url": "https://assets.publishing.service.gov.uk/media/5b1fd595e5274a18ee6097f3/MEL_framework_and_progress_summary_for_UK_Showcase___Learning_Project-__June_2018.pdf"}, {"title": "Measurement, Evaluation and Learning Framework", "category": "04_NPPS_and_Government_Policy", "publisher": "UK Government", "url": "https://www.gov.uk/government/uploads/system/uploads/attachment_data/file/715715/MEL_framework_and_progress_summary_for_UK_Showcase___Learning_Project-__June_2018.pdf"}, {"title": "online", "category": "04_NPPS_and_Government_Policy", "publisher": "UK Government", "url": "https://assets.publishing.service.gov.uk/government/uploads/system/uploads/attachment_data/file/664076/UK_Open_Contracting-_National_Action_Plan_Updates_-_Digest_November_2017.pdf"}, {"title": "Procurement Policy Note 08/15: tax arrangements of public appointees", "category": "04_NPPS_and_Government_Policy", "publisher": "UK Government", "url": "https://assets.publishing.service.gov.uk/media/5a80b867ed915d74e33fc064/PPN_08-15_Tax_arrangements_for_public_appointees.pdf"}, {"title": "Procurement Policy Note – the Plan for Public Procurement of Food and Catering Services", "category": "04_NPPS_and_Government_Policy", "publisher": "Cabinet Office", "url": "https://assets.publishing.service.gov.uk/media/5a7cfc02ed915d321c2de1d6/PPN_10-14_The_Plan_for_Public_Procurement_of_Food_and_Catering_Services.pdf"}, {"title": "Nutrition standards: technical guidance", "category": "04_NPPS_and_Government_Policy", "publisher": "UK Government", "url": "https://assets.publishing.service.gov.uk/media/611be5d08fa8f53dc4eb310f/gbsf-nutritional-standards-technical-guidance.pdf"}, {"title": "Annex to GBS for food and catering services", "category": "04_NPPS_and_Government_Policy", "publisher": "UK Government", "url": "https://assets.publishing.service.gov.uk/media/5a7d9965e5274a6b89a51050/Annex_to_GBS_for_food_and_catering_UK_standards_of_production.pdf"}, {"title": "Procurement policy note 02/12: guidance on ICT contracts over £100m", "category": "04_NPPS_and_Government_Policy", "publisher": "Cabinet Office", "url": "https://assets.publishing.service.gov.uk/media/5a79adc1ed915d07d35b74ca/PPN-Guidance-on-ICT-Contracts-less-than-100m-new.pdf"}, {"title": "Procurement Policy Note 07/15: open standards when specifying technology requirements", "category": "04_NPPS_and_Government_Policy", "publisher": "UK Government", "url": "https://assets.publishing.service.gov.uk/media/5a8165e9e5274a2e87dbd698/PPN_07-15_Open_standards_when_specifying_technology_requirements.pdf"}, {"title": "Procurement Policy Note – Implementing Article 6 of the Energy Efficiency Directive: further information", "category": "04_NPPS_and_Government_Policy", "publisher": "UK Government", "url": "https://assets.publishing.service.gov.uk/media/5a7eb38a40f0b62305b829f3/PPN_01-15_Implementing_Article_6_of_the_Energy_Efficiency_Directive_-_further_information.pdf"}, {"title": "PPN 13/15 (pdf, 129 kb)", "category": "04_NPPS_and_Government_Policy", "publisher": "UK Government", "url": "https://www.gov.uk/government/uploads/system/uploads/attachment_data/file/416421/Transparency_of_suppliers_and_government_to_the_public.pdf"}, {"title": "UK Open Government National Action Plan 2016-18", "category": "04_NPPS_and_Government_Policy", "publisher": "Cabinet Office", "url": "https://assets.publishing.service.gov.uk/media/5a80f40bed915d74e6231618/UK_Open_Government_National_Action_Plan_2016-18.pdf"}, {"title": "New legislative requirements under the Procurement Act 2023 (PDF)", "category": "04_NPPS_and_Government_Policy", "publisher": "UK Government", "url": "https://assets.publishing.service.gov.uk/media/69ccf0a29b2e6e135502d024/New_legislative_requirements_under_the_Procurement_Act_2023_v4.pdf"}, {"title": "The Procurement Act 2023: A short guide for senior leaders (PDF)", "category": "04_NPPS_and_Government_Policy", "publisher": "UK Government", "url": "https://assets.publishing.service.gov.uk/media/6740a8f196a57393a00b201c/ProcurementAct2023_guide_for_senior_leaders_v6.pdf"}, {"title": "The Procurement Act 2023: A short guide for suppliers (PDF)", "category": "04_NPPS_and_Government_Policy", "publisher": "Cabinet Office", "url": "https://assets.publishing.service.gov.uk/media/67b5f15ebd116e3d7b1cf2d4/20250224_Act_Now_A_guide_for_suppliers_A4_v2.0_FINAL.pdf"}, {"title": "Central Digital Platform - factsheet (PDF)", "category": "04_NPPS_and_Government_Policy", "publisher": "UK Government", "url": "https://assets.publishing.service.gov.uk/media/67bdf4e489b4a58925ac6d53/20250224_Act_Now__Find_a_Tender_Factsheet_v3.0_FINAL.pdf"}, {"title": "Supplementary Guidance (PDF, 629KB)", "category": "04_NPPS_and_Government_Policy", "publisher": "UK Government", "url": "https://assets.publishing.service.gov.uk/media/6731e5cff8ac0a8bd93d138a/Supplementary_Guidance_-_Defining_Small_and_Medium_Sized_Enterprises_FINAL.pdf"}, {"title": "Suppliers: How to register your organisation and first administrator on Find a Tender in three easy steps (PDF)", "category": "04_NPPS_and_Government_Policy", "publisher": "UK Government", "url": "https://assets.publishing.service.gov.uk/media/67b70cf232b2aab18314bc48/2025-02-19_ACT_NOW_Suppliers__user_guide__How_To_Register_Your_Organisation_FINAL.pdf"}, {"title": "Suppliers: detailed walkthrough - how an administrator completes and updates supplier information (PDF)", "category": "04_NPPS_and_Government_Policy", "publisher": "UK Government", "url": "https://assets.publishing.service.gov.uk/media/67b70facbd116e3d7b1cf33a/2025-02-19_ACT_NOW_Suppliers__user_guide__Completing_Supplier_Information_FINAL.pdf"}, {"title": "Buyers and Suppliers: How to use the Central Digital Platform, the enhanced Find a Tender service (PDF)", "category": "04_NPPS_and_Government_Policy", "publisher": "UK Government", "url": "https://assets.publishing.service.gov.uk/media/67b711359ae06ef4a71cf334/2025-02-19_ACT_NOW_How_To_Use_the_Central_Digital_Platform_-_a__short_guide_for_everyoneFINAL.docx.pdf"}, {"title": "Contracting authorities: An overview of the Central Digital Platform, the enhanced Find a Tender service (PDF)", "category": "04_NPPS_and_Government_Policy", "publisher": "UK Government", "url": "https://assets.publishing.service.gov.uk/media/67b711d60495029f3e1c6a6e/2025-02-19_ACT_NOW_An_overview_of_the_the_Central_Digital_Platform_-_a_short_guide_for_contracting_authorities_FINAL.pdf"}, {"title": "Transforming Public Procurement: Get ready for Go-Live (slide deck)", "category": "04_NPPS_and_Government_Policy", "publisher": "UK Government", "url": "https://assets.publishing.service.gov.uk/media/6799f6585fa219d945b34219/Silde_deck-_Updated_Logo_PDF.pdf"}, {"title": "UK1 - the new Pipeline Notice (PDF)", "category": "04_NPPS_and_Government_Policy", "publisher": "UK Government", "url": "https://assets.publishing.service.gov.uk/media/67f7e9e649d2ffceecef3042/UK1_Pipeline_Notice_leaflet__6___1_.pdf"}, {"title": "How to register your organisation and find your unique identifier - a guide for suppliers (PDF)", "category": "04_NPPS_and_Government_Policy", "publisher": "UK Government", "url": "https://assets.publishing.service.gov.uk/media/6995bd5dbfdab2546272bf47/Supplier_Registration_-_short_guide_FINAL__1_.pdf"}, {"title": "The Procurement Act 2023: Permitted Contract Modifications and the Materialisation of a Known Risk (PDF)", "category": "04_NPPS_and_Government_Policy", "publisher": "UK Government", "url": "https://assets.publishing.service.gov.uk/media/6a39461d00ff27f06e3efbf3/Permitted_Modifications_to_a_Contract_FINAL.pdf"}, {"title": "The Procurement Act 2023: The Competitive Flexible Procedure and Negotiation (PDF)", "category": "04_NPPS_and_Government_Policy", "publisher": "UK Government", "url": "https://assets.publishing.service.gov.uk/media/6a39463c25c5199bda11792e/The_Competitive_Flexible_Procedure_and_Negotiation_FINAL__2_.pdf"}, {"title": "The Procurement Act 2023: Using Your Procurement as an Enabler for Future Direct Awards (PDF)", "category": "04_NPPS_and_Government_Policy", "publisher": "UK Government", "url": "https://assets.publishing.service.gov.uk/media/6a3946556422bec01b117929/Using_your_procurement_as_an_enabler_for_future_direct_awards_FINAL.pdf"}, {"title": "Suppliers: How to register your organisation and first administrator on Find a Tender in three easy steps (PDF, 1,661KB)", "category": "04_NPPS_and_Government_Policy", "publisher": "UK Government", "url": "https://assets.publishing.service.gov.uk/media/678f66bdee8326de1d8e9d69/2025-01-20_Suppliers__user_guide__How_To_Register_Your_Organisation_FINAL.pdf"}, {"title": "Suppliers: detailed walkthrough - how an administrator completes and updates supplier information (PDF, 3.6MB)", "category": "04_NPPS_and_Government_Policy", "publisher": "UK Government", "url": "https://assets.publishing.service.gov.uk/media/678f671fe94a1e07c3ef8489/2025-01-20_Suppliers__user_guide__Completing_Supplier_Information_FINAL.pdf"}, {"title": "Buyers and suppliers: How to use the central digital platform (enhanced Find a Tender service) a short guide for everyone (PDF, 1,423KB)", "category": "04_NPPS_and_Government_Policy", "publisher": "UK Government", "url": "https://assets.publishing.service.gov.uk/media/678f6750ee8326de1d8e9d6a/2025-01-20_How_To_Use_the_Central_Digital_Platform_-_a_short_guide_for_everyone_FINAL.pdf"}, {"title": "Contracting Authorities: an overview of the new transparency commitments and illustration of notices on enhanced Find a Tender service (PDF, 2.3MB)", "category": "04_NPPS_and_Government_Policy", "publisher": "UK Government", "url": "https://assets.publishing.service.gov.uk/media/678f67841784b7a1338e9d69/2025-01-20_An_overview_of_the_the_Central_Digital_Platform_-_a_short_guide_for_contracting_authorities_FINAL_.pdf"}, {"title": "Procurement Act 2023 - A short guide for suppliers (PDF< 360KB)", "category": "04_NPPS_and_Government_Policy", "publisher": "Cabinet Office", "url": "https://assets.publishing.service.gov.uk/media/6719065417e213a633220979/14.491_CO_GCF_TPP_The_Procurement_Act_2023_Draft_5.0_2___1_.pdf"}, {"title": "Central Digital Platform (PDF, 4.8MB)", "category": "04_NPPS_and_Government_Policy", "publisher": "UK Government", "url": "https://assets.publishing.service.gov.uk/media/6720fe0a3758e4604742a8ab/20241029_CDP_Factsheet_v1.0.pdf"}, {"title": "National Procurement Policy Statement (PDF)", "category": "04_NPPS_and_Government_Policy", "publisher": "UK Government", "url": "https://assets.publishing.service.gov.uk/media/67ab330e1a116437c7ed88da/E03274856_National_Procurement_Policy_Statement_Elay.pdf"}, {"title": "National Procurement Policy Statement (Accessible PDF)", "category": "04_NPPS_and_Government_Policy", "publisher": "UK Government", "url": "https://assets.publishing.service.gov.uk/media/67ab332fd41dfb0b59cec46a/E03274856_National_Procurement_Policy_Statement_Accessible.pdf"}, {"title": "Explanatory Memorandum to the National Procurement Policy Statement", "category": "04_NPPS_and_Government_Policy", "publisher": "Cabinet Office", "url": "https://assets.publishing.service.gov.uk/media/67c59c25750837d7604dbd83/Annex_A_EM_for_NPPS_-_Final_Version.pdf"}, {"title": "Transforming Public Procurement - our innovation ambition (PDF)", "category": "04_NPPS_and_Government_Policy", "publisher": "UK Government", "url": "https://assets.publishing.service.gov.uk/media/653b84d5e6c968000daa9c15/TPP_Our_Innovation_Ambition.pdf"}, {"title": "Transforming Public Procurement - planning and preparation checklist", "category": "04_NPPS_and_Government_Policy", "publisher": "UK Government", "url": "https://assets.publishing.service.gov.uk/media/6539145680884d000df71aae/20231025_TPP_pre-implementation_checklist.pdf"}, {"title": "Benefits for Prospective Suppliers to the Public Sector (PDF)", "category": "04_NPPS_and_Government_Policy", "publisher": "UK Government", "url": "https://assets.publishing.service.gov.uk/media/63bc029bd3bf7f262df93d19/The_Procurement_Bill_Benefits_for_Prospective_Suppliers_to_the_Public_Sector.pdf"}, {"title": "The Contract Management Capability Programme 2025 - About the programme (PDF)", "category": "04_NPPS_and_Government_Policy", "publisher": "UK Government", "url": "https://assets.publishing.service.gov.uk/media/68dd0ae1c487360cc70c9fbb/2025-09-01_-_The_Contract_Management_Capability_Programme_2025.pptx.pdf"}, {"title": "Contract Management Capability Programme (PDF)", "category": "04_NPPS_and_Government_Policy", "publisher": "Cabinet Office", "url": "https://assets.publishing.service.gov.uk/media/6464a8b7e140700013b6e090/20230419_The_Contract_Management_Capability_Programme_-_Four_years_in_-_progress_and_benefits_realisation__3_.pdf"}, {"title": "Foundation - Accreditation and development programme (PDF)", "category": "04_NPPS_and_Government_Policy", "publisher": "UK Government", "url": "https://assets.publishing.service.gov.uk/media/6464a926d3231e001332dad5/Foundation_-_2023_-_brochure__1_.pdf"}, {"title": "Practitioner - Accreditation and development programme (PDF)", "category": "04_NPPS_and_Government_Policy", "publisher": "UK Government", "url": "https://assets.publishing.service.gov.uk/media/68dd0d0b750fcf90fa6ffc95/2025-08-15_Practitioner_brochure__3___1_.pdf"}, {"title": "Expert - Accreditation and development programme (PDF)", "category": "04_NPPS_and_Government_Policy", "publisher": "UK Government", "url": "https://assets.publishing.service.gov.uk/media/68dd0efbdadf7616351e4cb7/2025-08-15_Expert_brochure__1_.pdf"}, {"title": "Beyond Foundation - Pathway development programme to practitioner or expert level accreditation (PDF)", "category": "04_NPPS_and_Government_Policy", "publisher": "UK Government", "url": "https://assets.publishing.service.gov.uk/media/6464a993d3231e001332dad8/Beyond_foundation_-_2023_-_brochure.pdf"}, {"title": "Contract Management for Senior Responsible Owners (PDF)", "category": "04_NPPS_and_Government_Policy", "publisher": "UK Government", "url": "https://assets.publishing.service.gov.uk/media/6a7b458b783bd442d7805c55/2025-04-29_Contract_management_for_senior_responsible_owners.pdf"}, {"title": "Skills Coaching (PDF)", "category": "04_NPPS_and_Government_Policy", "publisher": "UK Government", "url": "https://assets.publishing.service.gov.uk/media/6464aa02e140700013b6e098/20220329_Coaching_flyer___1___1_.pdf"}, {"title": "Contract Management Training & Accreditation Foundation level: takeaway guide (PDF)", "category": "04_NPPS_and_Government_Policy", "publisher": "UK Government", "url": "https://assets.publishing.service.gov.uk/media/6477376a5f7bb7000c7fa227/Contract_Management_Training___Accreditation_Foundation_level_takeaway_guide.pdf"}, {"title": "Government Commercial College (GCC) User Guide (PDF)", "category": "04_NPPS_and_Government_Policy", "publisher": "UK Government", "url": "https://assets.publishing.service.gov.uk/media/6877a0022bad77c3dae4dc8b/GovComCollege_User_Guide_16072025.pdf"}, {"title": "Contract Management Training & Accreditation: Continuing Professional Development Guide (PDF)", "category": "04_NPPS_and_Government_Policy", "publisher": "UK Government", "url": "https://assets.publishing.service.gov.uk/media/679a4122fe19800263dc7be6/CPD_guide_-_contract_management_and_commercial_capability.pdf"}, {"title": "What does a good contract manager look like (PDF)", "category": "04_NPPS_and_Government_Policy", "publisher": "UK Government", "url": "https://assets.publishing.service.gov.uk/media/68dd1328c487360cc70c9fc4/2024-11-21_Presentation_on_What_does_a_good_contract_manager_look_like.pptx__1___2_.pdf"}, {"title": "Programme overview Powerpoint presentation (PDF)", "category": "04_NPPS_and_Government_Policy", "publisher": "UK Government", "url": "https://assets.publishing.service.gov.uk/media/6a7b449eaadaaddf89b6e452/2026-08-01_-_The_Contract_Management_Capability_Programme.pptx_-_Google_Slides.pdf"}, {"title": "Foundation two-page flyer (PDF)", "category": "04_NPPS_and_Government_Policy", "publisher": "UK Government", "url": "https://assets.publishing.service.gov.uk/media/6a7b44b0aadaaddf89b6e453/2024-12-06_Foundation_-_flyer.pdf"}, {"title": "Practitioner two-page flyer (PDF)", "category": "04_NPPS_and_Government_Policy", "publisher": "UK Government", "url": "https://assets.publishing.service.gov.uk/media/6a7b4512347b198efd290f09/Contract_Management_Capability_Programme_-_Practitioner_training_for_accreditation_programme.pdf"}, {"title": "Expert two-page flyer (PDF)", "category": "04_NPPS_and_Government_Policy", "publisher": "UK Government", "url": "https://assets.publishing.service.gov.uk/media/6a7b4525aadaaddf89b6e454/2026-05-14_Expert_training_and_accreditation_programme_flyer__1_.pdf"}, {"title": "Beyond Foundation brochure (PDF)", "category": "04_NPPS_and_Government_Policy", "publisher": "UK Government", "url": "https://assets.publishing.service.gov.uk/media/6a7b4534aadaaddf89b6e455/2023-06-01_Brochure_for_Beyond_foundation.pdf"}, {"title": "CPD guide (PDF)", "category": "04_NPPS_and_Government_Policy", "publisher": "UK Government", "url": "https://assets.publishing.service.gov.uk/media/6a7b45abaadaaddf89b6e457/CPD_guide_.pdf"}, {"title": "Initial guidance and signposting for new in role contract managers (PDF)", "category": "04_NPPS_and_Government_Policy", "publisher": "UK Government", "url": "https://assets.publishing.service.gov.uk/media/6a7d8cc29cba0097fdd8325f/Contract_management_-_New_in_role_guidance__1_.pdf"}, {"title": "Transforming Public Procurement Learning Manual (PDF)", "category": "04_NPPS_and_Government_Policy", "publisher": "Cabinet Office", "url": "https://assets.publishing.service.gov.uk/media/66b24baf0808eaf43b50de08/CCS0524204542-001_Transforming_public_procurement_Combined__3_.pdf"}, {"title": "Gwreiddiol: Fersiwn Argraffydd y Brenin", "category": "01_Legislation/Procurement_Act_2023", "publisher": "UK Government", "url": "https://www.legislation.gov.uk/ukpga/2023/54/pdfs/ukpga_20230054_en.pdf"}, {"title": "Slip Cywiro - 12/11/2024", "category": "01_Legislation/Procurement_Act_2023", "publisher": "UK Government", "url": "https://www.legislation.gov.uk/ukpga/2023/54/pdfs/ukpgacs_20230054_en_001.pdf"}, {"title": "PDF alternative version", "category": "01_Legislation/Procurement_Act_2023", "publisher": "UK Government", "url": "https://www.legislation.gov.uk/ukpga/2023/54/contents/data.pdf"}, {"title": "Continue to open", "category": "01_Legislation/Procurement_Act_2023", "publisher": "UK Government", "url": "https://www.legislation.gov.uk/ukpga/2023/54/data.pdf"}, {"title": "Continue to open", "category": "01_Legislation/Procurement_Act_2023", "publisher": "UK Government", "url": "https://www.legislation.gov.uk/cy/ukpga/2023/54/data.pdf"}, {"title": "PDF alternative version", "category": "01_Legislation/Procurement_Act_2023", "publisher": "UK Government", "url": "https://www.legislation.gov.uk/ukpga/2023/54/introduction/data.pdf"}, {"title": "Explanatory Note", "category": "01_Legislation/Procurement_Act_2023", "publisher": "Cabinet Office", "url": "https://www.legislation.gov.uk/ukpga/2023/54/pdfs/ukpgaen_20230054_en.pdf"}, {"title": "PDF alternative version", "category": "01_Legislation/Procurement_Act_2023", "publisher": "UK Government", "url": "https://www.legislation.gov.uk/ukpga/2023/54/contents/enacted/data.pdf"}, {"title": "Continue to open", "category": "01_Legislation/Procurement_Act_2023", "publisher": "UK Government", "url": "https://www.legislation.gov.uk/ukpga/2023/54/enacted/data.pdf"}, {"title": "PDF alternative version", "category": "01_Legislation/Procurement_Act_2023", "publisher": "UK Government", "url": "https://www.legislation.gov.uk/ukpga/2023/54/body/data.pdf"}, {"title": "PDF The Whole\n\t\t\t\t\t\tPart", "category": "01_Legislation/Procurement_Act_2023", "publisher": "UK Government", "url": "https://www.legislation.gov.uk/ukpga/2023/54/part/1/data.pdf"}, {"title": "PDF alternative version", "category": "01_Legislation/Procurement_Act_2023", "publisher": "UK Government", "url": "https://www.legislation.gov.uk/ukpga/2023/54/section/1/data.pdf"}, {"title": "PDF alternative version", "category": "01_Legislation/Procurement_Act_2023", "publisher": "UK Government", "url": "https://www.legislation.gov.uk/ukpga/2023/54/section/2/data.pdf"}, {"title": "PDF alternative version", "category": "01_Legislation/Procurement_Act_2023", "publisher": "UK Government", "url": "https://www.legislation.gov.uk/ukpga/2023/54/section/3/data.pdf"}, {"title": "PDF alternative version", "category": "01_Legislation/Procurement_Act_2023", "publisher": "UK Government", "url": "https://www.legislation.gov.uk/ukpga/2023/54/section/4/data.pdf"}, {"title": "PDF alternative version", "category": "01_Legislation/Procurement_Act_2023", "publisher": "UK Government", "url": "https://www.legislation.gov.uk/ukpga/2023/54/section/5/data.pdf"}, {"title": "PDF alternative version", "category": "01_Legislation/Procurement_Act_2023", "publisher": "UK Government", "url": "https://www.legislation.gov.uk/ukpga/2023/54/section/6/data.pdf"}, {"title": "PDF alternative version", "category": "01_Legislation/Procurement_Act_2023", "publisher": "UK Government", "url": "https://www.legislation.gov.uk/ukpga/2023/54/section/7/data.pdf"}, {"title": "PDF alternative version", "category": "01_Legislation/Procurement_Act_2023", "publisher": "UK Government", "url": "https://www.legislation.gov.uk/ukpga/2023/54/section/8/data.pdf"}, {"title": "PDF alternative version", "category": "01_Legislation/Procurement_Act_2023", "publisher": "UK Government", "url": "https://www.legislation.gov.uk/ukpga/2023/54/section/9/data.pdf"}, {"title": "PDF alternative version", "category": "01_Legislation/Procurement_Act_2023", "publisher": "UK Government", "url": "https://www.legislation.gov.uk/ukpga/2023/54/section/10/data.pdf"}, {"title": "PDF The Whole\n\t\t\t\t\t\tPart", "category": "01_Legislation/Procurement_Act_2023", "publisher": "UK Government", "url": "https://www.legislation.gov.uk/ukpga/2023/54/part/2/data.pdf"}, {"title": "PDF alternative version", "category": "01_Legislation/Procurement_Act_2023", "publisher": "UK Government", "url": "https://www.legislation.gov.uk/ukpga/2023/54/section/11/data.pdf"}, {"title": "PDF alternative version", "category": "01_Legislation/Procurement_Act_2023", "publisher": "UK Government", "url": "https://www.legislation.gov.uk/ukpga/2023/54/section/12/data.pdf"}, {"title": "PDF alternative version", "category": "01_Legislation/Procurement_Act_2023", "publisher": "UK Government", "url": "https://www.legislation.gov.uk/ukpga/2023/54/section/13/data.pdf"}, {"title": "PDF alternative version", "category": "01_Legislation/Procurement_Act_2023", "publisher": "UK Government", "url": "https://www.legislation.gov.uk/ukpga/2023/54/section/14/data.pdf"}, {"title": "Gwreiddiol: Fersiwn Argraffydd y Brenin", "category": "01_Legislation/Procurement_Act_2023", "publisher": "Cabinet Office", "url": "https://www.legislation.gov.uk/uksi/2024/692/pdfs/uksi_20240692_en.pdf"}, {"title": "PDF alternative version", "category": "01_Legislation/Procurement_Act_2023", "publisher": "UK Government", "url": "https://www.legislation.gov.uk/uksi/2024/692/contents/data.pdf"}, {"title": "PDF The Whole\n\t\t\t\t\t\tInstrument", "category": "01_Legislation/Procurement_Act_2023", "publisher": "Cabinet Office", "url": "https://www.legislation.gov.uk/uksi/2024/692/data.pdf"}, {"title": "PDF alternative version", "category": "01_Legislation/Procurement_Act_2023", "publisher": "Cabinet Office", "url": "https://www.legislation.gov.uk/uksi/2024/692/introduction/data.pdf"}, {"title": "PDF alternative version", "category": "01_Legislation/Procurement_Act_2023", "publisher": "UK Government", "url": "https://www.legislation.gov.uk/uksi/2024/692/contents/made/data.pdf"}, {"title": "PDF The Whole\n\t\t\t\t\t\tInstrument", "category": "01_Legislation/Procurement_Act_2023", "publisher": "Cabinet Office", "url": "https://www.legislation.gov.uk/uksi/2024/692/made/data.pdf"}, {"title": "PDF alternative version", "category": "01_Legislation/Procurement_Act_2023", "publisher": "Cabinet Office", "url": "https://www.legislation.gov.uk/uksi/2024/692/body/data.pdf"}, {"title": "PDF alternative version", "category": "01_Legislation/Procurement_Regulations_2024", "publisher": "UK Government", "url": "https://www.legislation.gov.uk/uksi/2024/692/schedules/data.pdf"}, {"title": "PDF The Whole\n\t\t\t\t\t\tPart", "category": "01_Legislation/Procurement_Act_2023", "publisher": "UK Government", "url": "https://www.legislation.gov.uk/uksi/2024/692/part/1/data.pdf"}, {"title": "PDF alternative version", "category": "01_Legislation/Procurement_Act_2023", "publisher": "UK Government", "url": "https://www.legislation.gov.uk/uksi/2024/692/regulation/1/data.pdf"}, {"title": "PDF alternative version", "category": "01_Legislation/Procurement_Regulations_2024", "publisher": "UK Government", "url": "https://www.legislation.gov.uk/uksi/2024/692/regulation/2/data.pdf"}, {"title": "PDF alternative version", "category": "01_Legislation/Procurement_Act_2023", "publisher": "UK Government", "url": "https://www.legislation.gov.uk/uksi/2024/692/regulation/3/data.pdf"}, {"title": "PDF The Whole\n\t\t\t\t\t\tPart", "category": "01_Legislation/Procurement_Act_2023", "publisher": "Cabinet Office", "url": "https://www.legislation.gov.uk/uksi/2024/692/part/2/data.pdf"}, {"title": "PDF alternative version", "category": "01_Legislation/Procurement_Act_2023", "publisher": "UK Government", "url": "https://www.legislation.gov.uk/uksi/2024/692/regulation/4/data.pdf"}, {"title": "PDF alternative version", "category": "01_Legislation/Procurement_Act_2023", "publisher": "Cabinet Office", "url": "https://www.legislation.gov.uk/uksi/2024/692/regulation/5/data.pdf"}, {"title": "PDF alternative version", "category": "01_Legislation/Procurement_Act_2023", "publisher": "UK Government", "url": "https://www.legislation.gov.uk/uksi/2024/692/regulation/6/data.pdf"}, {"title": "PDF alternative version", "category": "01_Legislation/Procurement_Act_2023", "publisher": "UK Government", "url": "https://www.legislation.gov.uk/uksi/2024/692/regulation/7/data.pdf"}, {"title": "PDF alternative version", "category": "01_Legislation/Procurement_Act_2023", "publisher": "UK Government", "url": "https://www.legislation.gov.uk/uksi/2024/692/regulation/8/data.pdf"}, {"title": "PDF alternative version", "category": "01_Legislation/Procurement_Act_2023", "publisher": "UK Government", "url": "https://www.legislation.gov.uk/uksi/2024/692/regulation/9/data.pdf"}, {"title": "PDF alternative version", "category": "01_Legislation/Procurement_Act_2023", "publisher": "UK Government", "url": "https://www.legislation.gov.uk/uksi/2024/692/regulation/10/data.pdf"}, {"title": "PDF alternative version", "category": "01_Legislation/Procurement_Act_2023", "publisher": "UK Government", "url": "https://www.legislation.gov.uk/uksi/2024/692/regulation/11/data.pdf"}, {"title": "PDF alternative version", "category": "01_Legislation/Procurement_Act_2023", "publisher": "UK Government", "url": "https://www.legislation.gov.uk/uksi/2024/692/regulation/12/data.pdf"}, {"title": "PDF alternative version", "category": "01_Legislation/Procurement_Act_2023", "publisher": "UK Government", "url": "https://www.legislation.gov.uk/uksi/2024/692/regulation/13/data.pdf"}, {"title": "PDF alternative version", "category": "01_Legislation/Procurement_Act_2023", "publisher": "UK Government", "url": "https://www.legislation.gov.uk/uksi/2024/692/regulation/14/data.pdf"}, {"title": "Gwreiddiol: Fersiwn Argraffydd y Brenin", "category": "01_Legislation/Legacy_Regulations", "publisher": "UK Government", "url": "https://www.legislation.gov.uk/uksi/2015/102/pdfs/uksi_20150102_en.pdf"}, {"title": "PDF alternative version", "category": "01_Legislation/Legacy_Regulations", "publisher": "UK Government", "url": "https://www.legislation.gov.uk/uksi/2015/102/contents/data.pdf"}, {"title": "PDF The Whole\n\t\t\t\t\t\tInstrument", "category": "01_Legislation/Procurement_Act_2023", "publisher": "UK Government", "url": "https://www.legislation.gov.uk/uksi/2015/102/data.pdf"}, {"title": "PDF alternative version", "category": "01_Legislation/Procurement_Act_2023", "publisher": "UK Government", "url": "https://www.legislation.gov.uk/uksi/2015/102/introduction/data.pdf"}, {"title": "UK Explanatory Memorandum", "category": "01_Legislation/Legacy_Regulations", "publisher": "Cabinet Office", "url": "https://www.legislation.gov.uk/uksi/2015/102/pdfs/uksiem_20150102_en.pdf"}, {"title": "Impact assessment on European Commission proposals for new public  procurement Directives in the public sector and for Utilities", "category": "01_Legislation/Legacy_Regulations", "publisher": "Cabinet Office", "url": "https://www.legislation.gov.uk/uksi/2015/102/pdfs/uksiod_20150102_en.pdf"}, {"title": "PDF alternative version", "category": "01_Legislation/Legacy_Regulations", "publisher": "UK Government", "url": "https://www.legislation.gov.uk/uksi/2015/102/contents/made/data.pdf"}, {"title": "PDF The Whole\n\t\t\t\t\t\tInstrument", "category": "01_Legislation/Legacy_Regulations", "publisher": "Cabinet Office", "url": "https://www.legislation.gov.uk/uksi/2015/102/made/data.pdf"}, {"title": "PDF alternative version", "category": "01_Legislation/Procurement_Act_2023", "publisher": "UK Government", "url": "https://www.legislation.gov.uk/uksi/2015/102/body/data.pdf"}, {"title": "PDF alternative version", "category": "01_Legislation/Procurement_Act_2023", "publisher": "UK Government", "url": "https://www.legislation.gov.uk/uksi/2015/102/schedules/data.pdf"}, {"title": "PDF The Whole\n\t\t\t\t\t\tPart", "category": "01_Legislation/Procurement_Act_2023", "publisher": "UK Government", "url": "https://www.legislation.gov.uk/uksi/2015/102/part/1/data.pdf"}, {"title": "PDF alternative version", "category": "01_Legislation/Procurement_Act_2023", "publisher": "UK Government", "url": "https://www.legislation.gov.uk/uksi/2015/102/regulation/1/data.pdf"}, {"title": "PDF alternative version", "category": "01_Legislation/Procurement_Act_2023", "publisher": "UK Government", "url": "https://www.legislation.gov.uk/uksi/2015/102/regulation/2/data.pdf"}, {"title": "PDF The Whole\n\t\t\t\t\t\tPart", "category": "01_Legislation/Procurement_Act_2023", "publisher": "UK Government", "url": "https://www.legislation.gov.uk/uksi/2015/102/part/2/data.pdf"}, {"title": "PDF The Whole\n\t\t\t\t\t\t\n\t\tChapter", "category": "01_Legislation/Procurement_Act_2023", "publisher": "UK Government", "url": "https://www.legislation.gov.uk/uksi/2015/102/part/2/chapter/1/data.pdf"}, {"title": "PDF The Whole\n\t\t\t\t\t\tCross Heading", "category": "01_Legislation/Procurement_Act_2023", "publisher": "UK Government", "url": "https://www.legislation.gov.uk/uksi/2015/102/part/2/chapter/1/crossheading/scope/data.pdf"}, {"title": "PDF alternative version", "category": "01_Legislation/Procurement_Act_2023", "publisher": "UK Government", "url": "https://www.legislation.gov.uk/uksi/2015/102/part/2/chapter/1/crossheading/scope-subjectmatter-and-mixed-procurement/data.pdf"}, {"title": "PDF alternative version", "category": "01_Legislation/Procurement_Act_2023", "publisher": "UK Government", "url": "https://www.legislation.gov.uk/uksi/2015/102/regulation/3/data.pdf"}, {"title": "PDF alternative version", "category": "01_Legislation/Procurement_Act_2023", "publisher": "UK Government", "url": "https://www.legislation.gov.uk/uksi/2015/102/regulation/4/data.pdf"}, {"title": "PDF alternative version", "category": "01_Legislation/Procurement_Act_2023", "publisher": "UK Government", "url": "https://www.legislation.gov.uk/uksi/2015/102/part/2/chapter/1/crossheading/scope-thresholds/data.pdf"}, {"title": "PDF alternative version", "category": "01_Legislation/Procurement_Act_2023", "publisher": "UK Government", "url": "https://www.legislation.gov.uk/uksi/2015/102/regulation/5/data.pdf"}, {"title": "PDF alternative version", "category": "01_Legislation/Procurement_Act_2023", "publisher": "UK Government", "url": "https://www.legislation.gov.uk/uksi/2015/102/regulation/5A/data.pdf"}, {"title": "PDF alternative version", "category": "01_Legislation/Procurement_Act_2023", "publisher": "UK Government", "url": "https://www.legislation.gov.uk/uksi/2015/102/regulation/6/data.pdf"}, {"title": "PDF alternative version", "category": "01_Legislation/Procurement_Act_2023", "publisher": "UK Government", "url": "https://www.legislation.gov.uk/uksi/2015/102/part/2/chapter/1/crossheading/scope-exclusions/data.pdf"}, {"title": "PDF alternative version", "category": "01_Legislation/Procurement_Act_2023", "publisher": "UK Government", "url": "https://www.legislation.gov.uk/uksi/2015/102/regulation/7/data.pdf"}, {"title": "PDF alternative version", "category": "01_Legislation/Procurement_Act_2023", "publisher": "UK Government", "url": "https://www.legislation.gov.uk/uksi/2015/102/regulation/8/data.pdf"}, {"title": "Gwreiddiol: Fersiwn Argraffydd y Brenin", "category": "01_Legislation/Legacy_Regulations", "publisher": "UK Government", "url": "https://www.legislation.gov.uk/uksi/2016/274/pdfs/uksi_20160274_en.pdf"}, {"title": "PDF alternative version", "category": "01_Legislation/Legacy_Regulations", "publisher": "UK Government", "url": "https://www.legislation.gov.uk/uksi/2016/274/contents/data.pdf"}, {"title": "PDF The Whole\n\t\t\t\t\t\tInstrument", "category": "01_Legislation/Procurement_Act_2023", "publisher": "UK Government", "url": "https://www.legislation.gov.uk/uksi/2016/274/data.pdf"}, {"title": "PDF alternative version", "category": "01_Legislation/Procurement_Act_2023", "publisher": "UK Government", "url": "https://www.legislation.gov.uk/uksi/2016/274/introduction/data.pdf"}, {"title": "UK Explanatory Memorandum", "category": "01_Legislation/Legacy_Regulations", "publisher": "Cabinet Office", "url": "https://www.legislation.gov.uk/uksi/2016/274/pdfs/uksiem_20160274_en.pdf"}, {"title": "Final Impact Assessment", "category": "01_Legislation/Legacy_Regulations", "publisher": "Cabinet Office", "url": "https://www.legislation.gov.uk/ukia/2016/72/pdfs/ukia_20160072_en.pdf"}, {"title": "Post Implementation Review", "category": "01_Legislation/Legacy_Regulations", "publisher": "Cabinet Office", "url": "https://www.legislation.gov.uk/uksi/2016/274/pdfs/uksiod_20160274_en.pdf"}, {"title": "Transposition Note", "category": "01_Legislation/Legacy_Regulations", "publisher": "Cabinet Office", "url": "https://www.legislation.gov.uk/uksi/2016/274/pdfs/uksitn_20160274_en.pdf"}, {"title": "PDF alternative version", "category": "01_Legislation/Legacy_Regulations", "publisher": "UK Government", "url": "https://www.legislation.gov.uk/uksi/2016/274/contents/made/data.pdf"}, {"title": "PDF The Whole\n\t\t\t\t\t\tInstrument", "category": "01_Legislation/Legacy_Regulations", "publisher": "Cabinet Office", "url": "https://www.legislation.gov.uk/uksi/2016/274/made/data.pdf"}, {"title": "PDF alternative version", "category": "01_Legislation/Procurement_Act_2023", "publisher": "UK Government", "url": "https://www.legislation.gov.uk/uksi/2016/274/body/data.pdf"}, {"title": "PDF alternative version", "category": "01_Legislation/Procurement_Act_2023", "publisher": "UK Government", "url": "https://www.legislation.gov.uk/uksi/2016/274/schedules/data.pdf"}, {"title": "PDF The Whole\n\t\t\t\t\t\tPart", "category": "01_Legislation/Procurement_Act_2023", "publisher": "UK Government", "url": "https://www.legislation.gov.uk/uksi/2016/274/part/1/data.pdf"}, {"title": "PDF The Whole\n\t\t\t\t\t\t\n\t\tChapter", "category": "01_Legislation/Procurement_Act_2023", "publisher": "UK Government", "url": "https://www.legislation.gov.uk/uksi/2016/274/part/1/chapter/1/data.pdf"}, {"title": "PDF alternative version", "category": "01_Legislation/Procurement_Act_2023", "publisher": "UK Government", "url": "https://www.legislation.gov.uk/uksi/2016/274/regulation/1/data.pdf"}, {"title": "PDF alternative version", "category": "01_Legislation/Procurement_Act_2023", "publisher": "UK Government", "url": "https://www.legislation.gov.uk/uksi/2016/274/regulation/2/data.pdf"}, {"title": "PDF alternative version", "category": "01_Legislation/Procurement_Act_2023", "publisher": "UK Government", "url": "https://www.legislation.gov.uk/uksi/2016/274/regulation/3/data.pdf"}, {"title": "PDF alternative version", "category": "01_Legislation/Procurement_Act_2023", "publisher": "UK Government", "url": "https://www.legislation.gov.uk/uksi/2016/274/regulation/4/data.pdf"}, {"title": "PDF alternative version", "category": "01_Legislation/Procurement_Act_2023", "publisher": "UK Government", "url": "https://www.legislation.gov.uk/uksi/2016/274/regulation/5/data.pdf"}, {"title": "PDF alternative version", "category": "01_Legislation/Procurement_Act_2023", "publisher": "UK Government", "url": "https://www.legislation.gov.uk/uksi/2016/274/regulation/6/data.pdf"}, {"title": "PDF alternative version", "category": "01_Legislation/Procurement_Act_2023", "publisher": "UK Government", "url": "https://www.legislation.gov.uk/uksi/2016/274/regulation/7/data.pdf"}, {"title": "PDF The Whole\n\t\t\t\t\t\t\n\t\tChapter", "category": "01_Legislation/Procurement_Act_2023", "publisher": "UK Government", "url": "https://www.legislation.gov.uk/uksi/2016/274/part/1/chapter/2/data.pdf"}, {"title": "PDF alternative version", "category": "01_Legislation/Procurement_Act_2023", "publisher": "UK Government", "url": "https://www.legislation.gov.uk/uksi/2016/274/regulation/8/data.pdf"}, {"title": "PDF alternative version", "category": "01_Legislation/Procurement_Act_2023", "publisher": "UK Government", "url": "https://www.legislation.gov.uk/uksi/2016/274/regulation/9/data.pdf"}, {"title": "PDF alternative version", "category": "01_Legislation/Procurement_Act_2023", "publisher": "UK Government", "url": "https://www.legislation.gov.uk/uksi/2016/274/regulation/10/data.pdf"}, {"title": "PDF alternative version", "category": "01_Legislation/Procurement_Act_2023", "publisher": "UK Government", "url": "https://www.legislation.gov.uk/uksi/2016/274/regulation/11/data.pdf"}, {"title": "PDF alternative version", "category": "01_Legislation/Procurement_Act_2023", "publisher": "UK Government", "url": "https://www.legislation.gov.uk/uksi/2016/274/regulation/12/data.pdf"}, {"title": "PDF alternative version", "category": "01_Legislation/Procurement_Act_2023", "publisher": "UK Government", "url": "https://www.legislation.gov.uk/uksi/2016/274/part/2/data.pdf"}, {"title": "Gwreiddiol: Fersiwn Argraffydd y Brenin", "category": "01_Legislation/Legacy_Regulations", "publisher": "Cabinet Office", "url": "https://www.legislation.gov.uk/uksi/2016/273/pdfs/uksi_20160273_en.pdf"}, {"title": "PDF alternative version", "category": "01_Legislation/Legacy_Regulations", "publisher": "UK Government", "url": "https://www.legislation.gov.uk/uksi/2016/273/contents/data.pdf"}, {"title": "PDF The Whole\n\t\t\t\t\t\tInstrument", "category": "01_Legislation/Procurement_Act_2023", "publisher": "UK Government", "url": "https://www.legislation.gov.uk/uksi/2016/273/data.pdf"}, {"title": "PDF alternative version", "category": "01_Legislation/Procurement_Act_2023", "publisher": "UK Government", "url": "https://www.legislation.gov.uk/uksi/2016/273/introduction/data.pdf"}, {"title": "UK Explanatory Memorandum", "category": "01_Legislation/Legacy_Regulations", "publisher": "Cabinet Office", "url": "https://www.legislation.gov.uk/uksi/2016/273/pdfs/uksiem_20160273_en.pdf"}, {"title": "Final Impact Assessment", "category": "01_Legislation/Legacy_Regulations", "publisher": "Cabinet Office", "url": "https://www.legislation.gov.uk/ukia/2015/334/pdfs/ukia_20150334_en.pdf"}, {"title": "Transposition Note", "category": "01_Legislation/Legacy_Regulations", "publisher": "UK Government", "url": "https://www.legislation.gov.uk/uksi/2016/273/pdfs/uksitn_20160273_en.pdf"}, {"title": "PDF alternative version", "category": "01_Legislation/Legacy_Regulations", "publisher": "UK Government", "url": "https://www.legislation.gov.uk/uksi/2016/273/contents/made/data.pdf"}, {"title": "PDF The Whole\n\t\t\t\t\t\tInstrument", "category": "01_Legislation/Legacy_Regulations", "publisher": "Cabinet Office", "url": "https://www.legislation.gov.uk/uksi/2016/273/made/data.pdf"}, {"title": "PDF alternative version", "category": "01_Legislation/Procurement_Act_2023", "publisher": "UK Government", "url": "https://www.legislation.gov.uk/uksi/2016/273/body/data.pdf"}, {"title": "PDF alternative version", "category": "01_Legislation/Procurement_Act_2023", "publisher": "UK Government", "url": "https://www.legislation.gov.uk/uksi/2016/273/schedules/data.pdf"}, {"title": "PDF The Whole\n\t\t\t\t\t\tPart", "category": "01_Legislation/Procurement_Act_2023", "publisher": "UK Government", "url": "https://www.legislation.gov.uk/uksi/2016/273/part/1/data.pdf"}, {"title": "PDF alternative version", "category": "01_Legislation/Procurement_Act_2023", "publisher": "UK Government", "url": "https://www.legislation.gov.uk/uksi/2016/273/regulation/1/data.pdf"}, {"title": "PDF alternative version", "category": "01_Legislation/Procurement_Act_2023", "publisher": "UK Government", "url": "https://www.legislation.gov.uk/uksi/2016/273/regulation/2/data.pdf"}, {"title": "PDF alternative version", "category": "01_Legislation/Procurement_Act_2023", "publisher": "UK Government", "url": "https://www.legislation.gov.uk/uksi/2016/273/regulation/3/data.pdf"}, {"title": "PDF alternative version", "category": "01_Legislation/Procurement_Act_2023", "publisher": "UK Government", "url": "https://www.legislation.gov.uk/uksi/2016/273/regulation/4/data.pdf"}, {"title": "PDF alternative version", "category": "01_Legislation/Procurement_Act_2023", "publisher": "UK Government", "url": "https://www.legislation.gov.uk/uksi/2016/273/regulation/5/data.pdf"}, {"title": "PDF alternative version", "category": "01_Legislation/Procurement_Act_2023", "publisher": "UK Government", "url": "https://www.legislation.gov.uk/uksi/2016/273/regulation/6/data.pdf"}, {"title": "PDF The Whole\n\t\t\t\t\t\tPart", "category": "01_Legislation/Procurement_Act_2023", "publisher": "UK Government", "url": "https://www.legislation.gov.uk/uksi/2016/273/part/2/data.pdf"}, {"title": "PDF The Whole\n\t\t\t\t\t\t\n\t\tChapter", "category": "01_Legislation/Procurement_Act_2023", "publisher": "UK Government", "url": "https://www.legislation.gov.uk/uksi/2016/273/part/2/chapter/1/data.pdf"}, {"title": "PDF alternative version", "category": "01_Legislation/Procurement_Act_2023", "publisher": "UK Government", "url": "https://www.legislation.gov.uk/uksi/2016/273/regulation/7/data.pdf"}, {"title": "PDF alternative version", "category": "01_Legislation/Procurement_Act_2023", "publisher": "UK Government", "url": "https://www.legislation.gov.uk/uksi/2016/273/regulation/8/data.pdf"}, {"title": "PDF alternative version", "category": "01_Legislation/Procurement_Act_2023", "publisher": "UK Government", "url": "https://www.legislation.gov.uk/uksi/2016/273/regulation/9/data.pdf"}, {"title": "PDF The Whole\n\t\t\t\t\t\t\n\t\tChapter", "category": "01_Legislation/Procurement_Act_2023", "publisher": "UK Government", "url": "https://www.legislation.gov.uk/uksi/2016/273/part/2/chapter/2/data.pdf"}, {"title": "Gwreiddiol: Fersiwn Argraffydd y Brenin", "category": "01_Legislation/Legacy_Regulations", "publisher": "UK Government", "url": "https://www.legislation.gov.uk/uksi/2011/1848/pdfs/uksi_20111848_en.pdf"}, {"title": "PDF alternative version", "category": "01_Legislation/Legacy_Regulations", "publisher": "UK Government", "url": "https://www.legislation.gov.uk/uksi/2011/1848/contents/data.pdf"}, {"title": "PDF The Whole\n\t\t\t\t\t\tInstrument", "category": "01_Legislation/Procurement_Act_2023", "publisher": "UK Government", "url": "https://www.legislation.gov.uk/uksi/2011/1848/data.pdf"}, {"title": "PDF alternative version", "category": "01_Legislation/Procurement_Act_2023", "publisher": "UK Government", "url": "https://www.legislation.gov.uk/uksi/2011/1848/introduction/data.pdf"}, {"title": "Explanatory Memorandum", "category": "01_Legislation/Legacy_Regulations", "publisher": "Cabinet Office", "url": "https://www.legislation.gov.uk/uksi/2011/1848/pdfs/uksiem_20111848_en.pdf"}, {"title": "Final Impact Assessment", "category": "01_Legislation/Legacy_Regulations", "publisher": "UK Government", "url": "https://www.legislation.gov.uk/ukia/2011/380/pdfs/ukia_20110380_en.pdf"}, {"title": "PDF alternative version", "category": "01_Legislation/Legacy_Regulations", "publisher": "UK Government", "url": "https://www.legislation.gov.uk/uksi/2011/1848/contents/made/data.pdf"}, {"title": "PDF The Whole\n\t\t\t\t\t\tInstrument", "category": "01_Legislation/Legacy_Regulations", "publisher": "UK Government", "url": "https://www.legislation.gov.uk/uksi/2011/1848/made/data.pdf"}, {"title": "PDF alternative version", "category": "01_Legislation/Procurement_Act_2023", "publisher": "UK Government", "url": "https://www.legislation.gov.uk/uksi/2011/1848/body/data.pdf"}, {"title": "PDF alternative version", "category": "01_Legislation/Procurement_Act_2023", "publisher": "UK Government", "url": "https://www.legislation.gov.uk/uksi/2011/1848/schedules/data.pdf"}, {"title": "PDF The Whole\n\t\t\t\t\t\tPart", "category": "01_Legislation/Procurement_Act_2023", "publisher": "UK Government", "url": "https://www.legislation.gov.uk/uksi/2011/1848/part/1/data.pdf"}, {"title": "PDF alternative version", "category": "01_Legislation/Procurement_Act_2023", "publisher": "UK Government", "url": "https://www.legislation.gov.uk/uksi/2011/1848/regulation/1/data.pdf"}, {"title": "PDF alternative version", "category": "01_Legislation/Procurement_Act_2023", "publisher": "UK Government", "url": "https://www.legislation.gov.uk/uksi/2011/1848/regulation/2/data.pdf"}, {"title": "PDF alternative version", "category": "01_Legislation/Procurement_Act_2023", "publisher": "UK Government", "url": "https://www.legislation.gov.uk/uksi/2011/1848/regulation/3/data.pdf"}, {"title": "PDF alternative version", "category": "01_Legislation/Procurement_Act_2023", "publisher": "UK Government", "url": "https://www.legislation.gov.uk/uksi/2011/1848/regulation/4/data.pdf"}, {"title": "PDF alternative version", "category": "01_Legislation/Procurement_Act_2023", "publisher": "UK Government", "url": "https://www.legislation.gov.uk/uksi/2011/1848/regulation/5/data.pdf"}, {"title": "PDF alternative version", "category": "01_Legislation/Procurement_Act_2023", "publisher": "UK Government", "url": "https://www.legislation.gov.uk/uksi/2011/1848/regulation/6/data.pdf"}, {"title": "PDF alternative version", "category": "01_Legislation/Procurement_Act_2023", "publisher": "UK Government", "url": "https://www.legislation.gov.uk/uksi/2011/1848/regulation/7/data.pdf"}, {"title": "PDF alternative version", "category": "01_Legislation/Procurement_Act_2023", "publisher": "UK Government", "url": "https://www.legislation.gov.uk/uksi/2011/1848/regulation/8/data.pdf"}, {"title": "PDF alternative version", "category": "01_Legislation/Procurement_Act_2023", "publisher": "UK Government", "url": "https://www.legislation.gov.uk/uksi/2011/1848/regulation/9/data.pdf"}, {"title": "PDF alternative version", "category": "01_Legislation/Procurement_Act_2023", "publisher": "UK Government", "url": "https://www.legislation.gov.uk/uksi/2011/1848/regulation/10/data.pdf"}, {"title": "PDF alternative version", "category": "01_Legislation/Procurement_Act_2023", "publisher": "UK Government", "url": "https://www.legislation.gov.uk/uksi/2011/1848/regulation/11/data.pdf"}, {"title": "PDF The Whole\n\t\t\t\t\t\tPart", "category": "01_Legislation/Procurement_Act_2023", "publisher": "UK Government", "url": "https://www.legislation.gov.uk/uksi/2011/1848/part/2/data.pdf"}, {"title": "PDF alternative version", "category": "01_Legislation/Procurement_Act_2023", "publisher": "UK Government", "url": "https://www.legislation.gov.uk/uksi/2011/1848/regulation/12/data.pdf"}, {"title": "PDF alternative version", "category": "01_Legislation/Procurement_Act_2023", "publisher": "UK Government", "url": "https://www.legislation.gov.uk/uksi/2011/1848/regulation/13/data.pdf"}, {"title": "Gwreiddiol: Fersiwn Argraffydd y Brenin", "category": "01_Legislation/Other_Relevant_Legislation", "publisher": "UK Government", "url": "https://www.legislation.gov.uk/ukpga/2012/3/pdfs/ukpga_20120003_en.pdf"}, {"title": "PDF alternative version", "category": "01_Legislation/Other_Relevant_Legislation", "publisher": "UK Government", "url": "https://www.legislation.gov.uk/ukpga/2012/3/contents/data.pdf"}, {"title": "PDF The Whole\n\t\t\t\t\t\tAct", "category": "01_Legislation/Procurement_Act_2023", "publisher": "UK Government", "url": "https://www.legislation.gov.uk/ukpga/2012/3/data.pdf"}, {"title": "PDF The Full Notes", "category": "01_Legislation/Other_Relevant_Legislation", "publisher": "Cabinet Office", "url": "https://www.legislation.gov.uk/ukpga/2012/3/notes/data.pdf"}, {"title": "Nodyn Esboniadol", "category": "01_Legislation/Other_Relevant_Legislation", "publisher": "Cabinet Office", "url": "https://www.legislation.gov.uk/ukpga/2012/3/pdfs/ukpgaen_20120003_en.pdf"}, {"title": "PDF The Whole\n\t\t\t\t\t\tAct", "category": "01_Legislation/Other_Relevant_Legislation", "publisher": "UK Government", "url": "https://www.legislation.gov.uk/ukpga/2012/3/enacted/data.pdf"}, {"title": "PDF alternative version", "category": "01_Legislation/Procurement_Act_2023", "publisher": "UK Government", "url": "https://www.legislation.gov.uk/ukpga/2012/3/section/1/data.pdf"}, {"title": "PDF tabl o’r cynnwys", "category": "01_Legislation/Other_Relevant_Legislation", "publisher": "UK Government", "url": "https://www.legislation.gov.uk/cy/ukpga/2012/3/notes/contents/data.pdf"}, {"title": "PDF Y Nodiadau Llawn", "category": "01_Legislation/Other_Relevant_Legislation", "publisher": "Cabinet Office", "url": "https://www.legislation.gov.uk/cy/ukpga/2012/3/notes/data.pdf"}, {"title": "Original: King's Printer Version", "category": "01_Legislation/Procurement_Act_2023", "publisher": "Cabinet Office", "url": "https://www.legislation.gov.uk/uksi/2025/163/pdfs/uksi_20250163_en.pdf"}, {"title": "PDF alternative version", "category": "01_Legislation/Procurement_Act_2023", "publisher": "UK Government", "url": "https://www.legislation.gov.uk/uksi/2025/163/contents/data.pdf"}, {"title": "PDF The Whole\n\t\t\t\t\t\tInstrument", "category": "01_Legislation/Procurement_Act_2023", "publisher": "Cabinet Office", "url": "https://www.legislation.gov.uk/uksi/2025/163/data.pdf"}, {"title": "PDF alternative version", "category": "01_Legislation/Procurement_Act_2023", "publisher": "Cabinet Office", "url": "https://www.legislation.gov.uk/uksi/2025/163/introduction/data.pdf"}, {"title": "Gweld PDF", "category": "01_Legislation/Procurement_Act_2023", "publisher": "Cabinet Office", "url": "https://www.legislation.gov.uk/uksi/2025/163/pdfs/uksiem_20250163_en_001.pdf"}], "supersedes": [], "needs_review": [], "skbuk": {"documents_synced": 0, "documents_missing": 0, "modules_published": 26, "dry_run": true}}
